typing_speed,mouse_movements,time_of_day,failed_attempts,is_anomaly,risk_label
52.88917888807324,122.87693681484546,8.982734566725307,0,0,0
52.535620514618344,149.19365133725495,14.998574256749608,0,0,0
52.50989562029586,194.597826437047,13.920930209635127,0,0,0
64.8393960599786,147.84147992343085,15.66784099907867,0,0,0
173.78382353214963,4.48532940069059,22.11282910174042,3,1,1
57.6169782764112,198.6051744167903,15.901832786945931,0,0,0
61.94967972030537,169.60348910408848,15.960083557381553,0,0,0
54.84603972127948,122.92678268566618,18.72739900943254,0,0,0
142.05734880056374,427.733443328627,21.11616709120832,2,1,1
55.297263782802816,116.69767745028653,6.131734242791811,0,0,0
52.47846498076457,104.5165751381221,4.163128449979978,0,0,0
40.077740384536334,94.93228928978124,15.387846787461203,1,0,0
40.42643989442844,101.58517598312451,4.746208560952675,0,0,0
47.69551230812412,139.11765323205034,9.460593870417934,0,0,0
58.33861885055491,154.54748487111408,13.703729870236863,0,0,0
161.9425167307556,22.856624644748678,22.491583862505145,2,1,1
68.47257361095623,174.50278183141592,5.775371958295911,0,0,0
153.044976052298,513.0628622408942,3.8544969744188426,3,1,1
48.246483631318306,141.50593520611437,11.315753251124605,0,0,0
62.379221797798394,97.8957346651146,8.692922162924702,0,0,0
61.422303219259014,119.6943113528378,7.622571842962563,0,0,0
70.30773635518615,117.60564325532593,5.74288401944197,0,0,0
143.13421781230394,511.7277064523165,23.14633757883479,3,1,1
53.54348719574147,159.1434532290631,9.570390078728094,0,0,0
117.11252991355394,22.928485619366054,3.037371670098605,3,1,1
58.05601143213528,139.74205743145637,11.530379760654547,0,0,0
162.73026473690618,513.5209280547986,23.692367083494904,4,1,1
0.0,16.00799628074222,1.7388085831168492,3,1,1
40.01724126577494,189.871023974293,13.523841200973624,1,0,0
48.12151819544225,144.5742617699337,5.654672027912957,0,0,0
66.49932733182328,162.9108010048563,15.446677848053678,0,0,0
47.085412748847716,134.3897791783717,6.313712771643606,0,0,0
19.22764874637783,333.66695077621114,21.68453345182424,4,1,1
62.648515225641376,191.67475562503688,9.249800000058016,0,0,0
51.10878759675637,135.10029093150044,12.301079569722281,0,0,0
73.71580663083556,143.1580898027654,10.001869319835023,0,0,0
68.31322654457675,157.33115341526351,21.683864981476702,0,0,0
46.717081873411956,107.04802038979764,16.0607003199582,0,0,0
49.81002190245736,84.78188736977458,20.888883527243436,0,0,0
122.96247135695505,264.60487688993345,22.4637506049486,2,1,1
52.077447838235166,114.3533247927966,6.03763153354002,0,0,0
49.17403290546741,150.56451329116445,10.95713510557174,0,0,0
70.75725739222496,92.75373356874388,15.669027480513545,0,0,0
63.26562424961612,119.34164242309359,16.600022519522817,0,0,0
55.449613778722465,147.5813974354651,7.3700711228691205,0,0,0
41.75070841388782,187.12573912000965,17.158415740411257,0,0,0
56.522817428058524,141.40607169018608,10.250601628132964,0,0,0
61.65806382727417,152.2734944260425,13.86354316769338,0,0,0
65.63672898702778,104.64273488913264,14.170906922281588,0,0,0
43.75147859776942,79.2400542119925,15.968051025385648,0,0,0
58.80035936128033,150.9925876074189,12.227329845533411,0,0,0
64.90098520044292,176.31623204484816,16.57938466185779,0,0,0
54.97998404780866,222.19635971752547,17.22697120894901,0,0,0
71.97309306903404,140.56385228699125,12.326733756046938,0,0,0
178.9426185297012,20.919813977326687,2.4004592747497076,4,1,1
62.728027544883176,159.69382855319748,12.453829025894697,0,0,0
53.90804950007423,99.18609806560349,9.892172635843862,0,0,0
51.884192221011304,144.2742096984552,13.633416341532545,0,0,0
67.68239324089271,137.2571051877583,4.909034902859186,0,0,0
54.28301387712004,153.78035610981385,9.867145206458707,0,0,0
51.08090353849408,124.24450603400987,11.068544411167453,0,0,0
53.09240604769784,87.27823369765598,7.9517370829752485,0,0,0
51.24033321773294,143.05980829006307,7.850128774036615,0,0,0
65.17494232158164,183.43497393812385,7.910667144688602,0,0,0
55.808371379733934,146.05538240193374,11.673805041458175,0,0,0
60.54034976540436,105.55235358770551,9.537247595381906,0,0,0
52.980648325395066,175.28443728605797,12.422072216590454,0,0,0
69.80406694063731,139.727308655858,12.041991032127386,0,0,0
2.865533640373304,19.19473287495889,22.112680958913757,4,1,1
57.571457069676136,135.39236795765197,14.182114969463939,0,0,0
52.454262087495344,77.54026451495908,10.839755182626904,0,0,0
76.17984966137034,130.92204340553417,9.67909660489389,0,0,0
56.98226917847786,173.3440957192599,11.191666843282572,0,0,0
164.10357541932265,535.3438998454375,0.2722843213949062,5,1,1
53.80732844220081,156.3844083929241,7.364515986446136,0,0,0
66.89685805770702,133.78835035975536,11.588152756277568,0,0,0
50.83458403601214,137.46861020110288,14.744947816077975,0,0,0
46.36888176496641,106.45197436956572,10.19447727234951,1,0,0
70.90224142599797,167.15332158925457,13.956101676019761,0,0,0
79.83349398155471,174.97081938350524,18.08235271129123,0,0,0
63.514156658650876,146.98461480844662,17.726609597446842,0,0,0
67.96078498469002,83.6025512785901,19.30969502582696,0,0,0
62.29600679810309,104.53910980183929,10.715358957545456,1,0,0
48.004501827351866,103.9013565357698,19.406006228440962,0,0,0
48.00743696672622,180.4139580644412,13.215556179712971,0,0,0
56.577077934483235,141.51740975498913,16.142694475629828,0,0,0
66.51816762390546,134.61931701419715,10.708941328036932,0,0,0
5.2690874046855525,21.895257924115374,2.8391514256510275,3,1,1
53.11818558178968,130.88757981626958,15.818319045281978,0,0,0
68.94671634951297,155.1648100333303,11.315181569789102,0,0,0
54.349800483115416,174.2036522709958,18.40217801829792,0,0,0
53.911775525189825,173.05071680611982,10.095391963850329,0,0,0
59.90371534675288,157.9970376349705,17.902974211618304,0,0,0
52.82234805734696,194.91294268940365,11.544304458465415,0,0,0
69.98368035936862,188.06666020513424,15.911079033331639,0,0,0
60.04519532953136,173.37028480479586,5.660101100161374,0,0,0
67.97235809013638,103.58239503622974,9.760237971130417,0,0,0
41.68925891633327,144.90074012931856,10.63936021992654,0,0,0
77.98125833750815,122.95515340902944,13.746757125245178,0,0,0
67.1423127452303,87.15234076557616,13.273672858143808,0,0,0
63.34389155522974,139.70509806126947,9.38703271974903,0,0,0
54.84130838357972,136.12112669913148,8.997798784716757,0,0,0
45.09365842516988,182.48136431892289,8.298013635505658,0,0,0
149.56028893866323,42.52524791689403,3.103293460837113,2,1,1
64.75757648843833,154.16714549698986,13.680471214282278,0,0,0
52.28087992923909,169.7684834146927,15.403857037154685,0,0,0
62.772996875905,158.17350729442316,11.591489754976388,0,0,0
54.38062961254383,136.76276604877174,16.658114191630915,0,0,0
13.627186724882357,13.091831477390002,0.5314465938802471,4,1,1
58.72002386905027,186.79938520425296,14.047654565946646,0,0,0
9.283245448519123,6.937347913840091,23.60517988769081,5,1,1
74.37926381548081,146.95011650971597,13.824955755069329,0,0,0
49.23037687059433,147.46942540147026,8.100567128668146,0,0,0
77.34044078426308,143.5120304465236,20.762196380781717,0,0,0
66.21332185104139,129.0393949800973,11.245449743734717,0,0,0
54.966925360748974,144.05240434882134,18.259388451793235,0,0,0
58.90205026198093,158.48238461042797,16.44446008719291,0,0,0
128.43987488003125,492.7045062163418,0.21151621209004645,5,1,1
68.48757327688416,179.70431935786837,8.998983996591777,0,0,0
59.07604219311158,141.3250619033501,7.933022598801673,0,0,0
47.8457460636626,120.67367878773862,14.83469756505334,0,0,0
53.07305876775568,129.07955216970387,20.712959300946146,0,0,0
74.79454826301033,133.4109906446257,18.533608569121316,0,0,0
49.95064556557482,167.31385612257395,11.711939243845189,0,0,0
67.88028880847561,175.0367062281514,12.426465617579558,0,0,0
53.04148061946052,172.9203761071582,17.154329527118314,0,0,0
56.18888546965439,138.02200305505167,12.16328481314636,0,0,0
44.05635705197963,163.3995249790411,21.854310417001535,0,0,0
71.29616128572938,107.10878910959107,9.164733313699294,0,0,0
56.66517390129337,172.01669632224923,16.683566733912055,0,0,0
48.58217623358124,99.42490125020379,8.612376382186593,0,0,0
82.48619609770566,160.05184580809205,12.035514824999513,0,0,0
56.974305165510536,177.16423065428847,7.822323782498972,1,0,0
52.03999912566654,146.39343179567916,15.277515887672934,0,0,0
56.08586511272941,183.77242609632435,14.01636849387549,0,0,0
57.02604865700971,196.10122026430767,15.013061057104007,1,0,0
134.71304894484743,320.63474774642157,3.5789924943416107,3,1,1
55.30910121109184,202.48680117278525,15.334702738538661,0,0,0
47.96397623947117,189.38231550982132,11.72425040113324,0,0,0
61.849462497247856,206.65542073718248,10.905552735723338,0,0,0
69.18218176634286,126.63208028887988,11.411174817032311,0,0,0
78.46512874099312,160.4490468610944,4.1734547478423325,0,0,0
54.94615722768052,141.04171299364012,14.22445431736502,1,0,0
52.35869602466393,103.14024350237094,2.2976667419770305,0,0,0
58.42736434432075,126.74261563361371,6.227103476631233,0,0,0
49.008385346231115,128.91201191730678,13.119605989342986,0,0,0
41.436871258584375,214.1943315264715,14.551437528519653,0,0,0
58.571873074127666,108.6840480715047,6.797851113424839,0,0,0
58.506995850100274,149.1299803457999,10.230268409578951,0,0,0
51.62445656177639,103.96288250761171,14.26885849509006,0,0,0
48.21551312708199,163.72024476833428,10.799935061266897,0,0,0
49.489603738105245,157.74961704204145,16.523930196016792,0,0,0
60.86689217230877,134.72677901541792,14.42138587323915,0,0,0
70.53639886697916,175.68813961402358,20.058365090125257,1,0,0
50.27250151961838,158.75598086723016,12.393321864050804,0,0,0
9.471912613383841,38.65483709715673,3.082838832124341,2,1,1
67.26581917793912,236.64876576992,14.714062649278514,1,0,0
184.15179432322168,561.8751658591839,22.762721666147975,4,1,1
54.3615431056854,151.88989975524075,11.506625907632252,0,0,0
61.690262275727704,139.01707019793284,9.715039104931755,0,0,0
56.847898239772434,136.94173319836563,9.709587309452587,0,0,0
77.50322243493962,218.61401578480314,2.044347134778196,0,0,0
58.20637381017201,140.40068942668898,14.315689795131238,0,0,0
76.90499670656538,149.96812527553956,10.318695428954925,0,0,0
61.42373979187425,171.1709246343895,12.112738192967186,0,0,0
71.58340405565895,123.69645126093516,19.00307848471074,0,0,0
55.642350314599746,187.32278993420863,12.220777611460612,0,0,0
66.36312511719022,158.03696803699515,19.103702708116344,0,0,0
87.73628730769207,134.41310074666387,16.387595384932503,0,0,0
57.29096397836374,162.23585082458192,8.54498647092373,0,0,0
61.632866084830255,205.7762320324363,12.455857215537236,0,0,0
51.4855618996275,152.6516150347688,11.453192881517843,0,0,0
73.45039683397596,176.6902863273473,13.764901968167457,0,0,0
64.76941798548377,163.3825455526209,8.674625385692227,0,0,0
53.14852317031358,149.66596498799575,13.788245477894739,0,0,0
68.72004128113326,117.51741984834064,15.68317133635898,0,0,0
65.69616315084409,213.68952866989542,4.736075219056251,1,0,0
58.1859639538711,156.6556309579085,10.908127824999289,0,0,0
77.84453885582029,148.12832931684144,7.464642473063692,0,0,0
151.4949689665502,609.816180596142,0.3750516868468594,3,1,1
62.3194276821356,32.793434146734654,16.890409883822574,0,0,0
5.757763205483219,13.261642484091603,2.639282684665499,4,1,1
43.321354653366924,186.40739312276145,10.425601083785835,1,0,0
58.860670300827834,134.7361928900361,15.284789042426866,0,0,0
54.011935036691995,175.9239556400755,11.470947605659424,0,0,0
53.18018870215367,145.93034553797457,5.521410309556556,0,0,0
64.94400522040705,166.17436105676097,21.752599453028235,0,0,0
69.04967721437959,168.992160106322,17.59950795838312,0,0,0
60.76179782221967,198.42185757002588,8.450063348483805,0,0,0
61.667311636892016,133.8978399395594,13.090475565256835,0,0,0
73.44592649928524,192.30689923100215,10.02462814220777,0,0,0
160.65821056266438,28.19535112688708,4.190931348698646,4,1,1
73.25339390217928,174.27713594473687,15.434373512328463,0,0,0
108.02775454909953,25.0869654222452,23.014778295559907,5,1,1
65.20832340222887,154.74628749325606,14.226746102551285,0,0,0
56.5183489686364,185.23115277030575,16.875419832921132,0,0,0
43.24055729930389,196.4610426660538,12.688149287947939,0,0,0
63.276291128422905,104.71652228157365,12.120643027487615,0,0,0
66.21422784083727,127.69072307289714,9.080671408929213,0,0,0
48.234135825987515,145.15587449055468,8.35426627650287,0,0,0
67.54456576321297,148.22652065425288,18.575064089149024,0,0,0
58.67026480192421,183.66953594628495,6.9626382228310435,0,0,0
70.3740957383122,165.69988367919697,10.031560697901373,0,0,0
144.57868100347955,9.151264632129983,2.8296054255722134,3,1,1
70.63618312359252,102.64671177213307,12.268163470289712,0,0,0
66.01827476165367,153.2799494676073,2.1478745254263796,0,0,0
11.821889510365898,313.10016906526806,3.394870738476137,4,1,1
54.01033802660994,99.27863669434026,10.723819993682852,0,0,0
53.70351758576173,187.49395512283718,3.267485087666989,0,0,0
45.40779685686664,138.83486487389413,22.920421159612992,0,0,0
55.95745268617441,180.3782316067984,9.898622424296624,0,0,0
159.05382893287205,9.648736447467206,22.529329213285095,4,1,1
68.58072374137053,146.50646428966746,13.600861250368814,0,0,0
69.97017612425826,116.6856637800289,16.85810862063729,0,0,0
53.89793912177898,143.98612822022767,11.19142022579771,0,0,0
62.304934535938315,179.74720294763065,11.526835640556792,0,0,0
66.87364005301961,156.5867799293236,6.164578788147359,0,0,0
70.1809222416092,155.19890984383107,11.268745228168408,0,0,0
54.39970751519203,112.72937897120494,6.591608755218445,0,0,0
57.07957165916054,104.76455043821085,7.200488323052314,0,0,0
58.83380861633342,121.76988058356997,12.02141630001715,0,0,0
70.05443745387423,121.44876779744648,13.495648087108167,0,0,0
57.467747971036566,111.27495620986605,16.603116958999323,0,0,0
51.09802952598788,138.85254721005748,7.184584333346088,0,0,0
152.70003105093346,28.631645087629465,0.08933999038415408,3,1,1
55.219596897962205,147.06943299311536,10.759475375724854,0,0,0
0.0,30.71256513316139,3.41650722629952,4,1,1
48.235311836757646,196.62025780739103,17.252032396719134,0,0,0
51.68367483048145,190.1443363106104,12.710305263200341,0,0,0
62.13510105074229,120.87402756624446,13.69547076195085,0,0,0
52.660267845160256,112.41133200248379,16.28029376592966,0,0,0
53.89261246006831,190.33623789085442,10.666518733005576,1,0,0
61.01208691687908,171.74352317987885,15.136140830426278,0,0,0
61.25849798086791,131.8728856589336,13.246128354857255,0,0,0
47.01352443992931,150.24655207668656,8.394060838750448,0,0,0
156.7224970588045,10.464569531552856,3.3105568333824023,3,1,1
51.488262992124625,182.00968970739598,12.691824768082462,0,0,0
61.764734175821715,219.7715241351642,11.329872412149058,0,0,0
51.71080983940587,120.80746282862526,18.463024153219983,1,0,0
59.715472897733555,165.14190491451234,8.275358954705979,0,0,0
11.169686985575407,17.518759043317274,23.096443429141836,2,1,1
64.43331069866642,133.19463718347708,17.988764254847556,0,0,0
134.58512864500585,449.7611492214968,3.6126984655913867,3,1,1
48.723640279755855,158.36078790596062,14.276767470344616,0,0,0
62.31223249430288,129.51782079534445,8.459263549378,0,0,0
49.08474964037481,131.84098283426138,13.480782956296652,1,0,0
62.497421740712284,187.7521003216955,20.715816521246488,0,0,0
49.50789931668192,191.2870903045119,13.674695301949042,0,0,0
49.401509706368174,123.92080467350958,17.768042176731978,1,0,0
55.711654445966396,106.05816739206085,13.608424060714459,0,0,0
69.33185755216188,170.08825221176673,13.522831470409361,0,0,0
49.252114313585466,157.22415136111744,9.751858217623278,1,0,0
56.23282477107733,133.72598631060012,14.496596146986809,0,0,0
59.57314607047688,170.2750423777263,18.595744653551733,0,0,0
61.14370574982123,180.25584344830077,7.488664909209192,0,0,0
41.48947024586049,118.41914588533481,11.892058121595026,0,0,0
48.05109447438626,156.7985614622584,15.457383710807408,0,0,0
61.192084376292534,92.85282706764106,7.6586638045449655,0,0,0
57.36898718480826,143.4812055762746,11.812472108506029,0,0,0
54.89407984553713,177.4852617563065,8.719878368543633,0,0,0
69.5573493148214,154.548607383625,12.265203226376723,0,0,0
65.08484158750905,154.03665567059414,22.211979035278695,0,0,0
61.44171265335733,172.69325289113937,10.43383293601322,0,0,0
55.24982919971476,142.73631328396476,12.693522690603901,0,0,0
49.926597181682,117.40734034763341,16.34298128475403,0,0,0
164.63264004200695,400.8055177955294,23.020855306180525,5,1,1
58.17622221821314,169.408643397932,5.241612785695874,0,0,0
62.652811747775615,136.33652760639546,9.396216811488062,0,0,0
44.674078184275906,74.88362257691105,11.031777189370441,0,0,0
49.225549146532195,115.54307256634044,15.321154513184872,0,0,0
45.2594218773387,105.9663691416346,9.998678349449023,0,0,0
80.89412317194761,184.01461887607368,13.807153811277137,0,0,0
52.23473759525541,134.30526635308274,13.928718603315197,0,0,0
59.803324708669386,117.38571595462786,11.88952460951976,0,0,0
148.4277847057672,478.35447720704144,22.985641561928652,2,1,1
56.08631450587634,128.8197423043622,9.13683908067493,0,0,0
54.93403559930881,171.09305912812673,8.624710444915499,0,0,0
50.846859506527395,183.60479000199575,18.75537792923228,0,0,0
75.55889194952672,145.94311888725463,8.584350208108992,0,0,0
62.09383654320512,116.64280395755426,13.653832597102035,0,0,0
78.77495601745183,121.83558034055855,13.243594994595123,0,0,0
65.40923627280847,177.00711052769182,8.313833265681566,1,0,0
76.74436670744502,121.42110874520145,11.499086540267811,0,0,0
70.39472093320421,149.25762649366322,9.208603567437526,0,0,0
9.961223875318822,492.9638321736463,3.242831294170127,4,1,1
58.15248412346108,161.97633796428113,5.575035764657998,0,0,0
42.71382023576029,152.49700159428784,20.489260423320303,0,0,0
9.820749969722877,36.773364074798764,2.370916271611256,2,1,1
50.75219811433379,224.49116591783365,17.33722292067999,0,0,0
61.20302348064869,154.88364189400085,8.798860710577532,0,0,0
57.10678353457516,228.2223605272564,10.532018158053875,1,0,0
59.2276745091477,126.97351801769268,2.3438785858491524,0,0,0
67.11989477189636,163.92928008227224,15.129553946255813,0,0,0
54.87762041850243,142.51911952003204,12.932629805116791,0,0,0
71.43537725969294,158.359905589585,18.62658489269669,0,0,0
11.07417796345599,441.4599313014129,23.4286923951479,2,1,1
59.75684147027651,179.19264333155274,14.969462679075098,0,0,0
54.328346833356974,194.5933190776749,11.45576536046844,0,0,0
69.44140777583061,134.88485851822767,9.017724295549186,0,0,0
48.984174434530296,117.63202933653673,11.280258208590052,0,0,0
56.71685157192522,187.34976847494428,6.980292398483397,0,0,0
57.77153094635454,141.65328408243496,16.038670883454188,0,0,0
61.86067927403646,141.87485585495756,15.61226226114392,0,0,0
50.885375634571844,171.66293218453959,9.03929960697644,0,0,0
64.25815224900067,56.117172578702636,16.501007395018814,0,0,0
45.885939205357175,158.5290644727022,8.921879550504157,0,0,0
59.01725464402362,175.57068705321552,5.118505112843374,0,0,0
76.128164712291,137.69936953372456,9.013977131597901,0,0,0
79.81423562627283,110.65467641687346,11.547133825309182,0,0,0
62.63673074412367,133.86296369238818,13.097401849463417,0,0,0
73.19187247665245,113.22524856413305,9.672927913315434,0,0,0
54.33704529565788,146.51377417970545,5.480483002284529,0,0,0
71.10064212442006,118.91359029515064,11.428145835638711,0,0,0
59.374480588518246,97.04480794949015,7.230151388545512,0,0,0
68.3322307736914,123.1388715521797,13.848175932109086,0,0,0
59.974404628171136,130.80195978126392,10.442115734247317,0,0,0
65.84085176863857,106.03352579840238,7.803780377657211,0,0,0
44.05678651144404,126.53421842731059,7.623599405888037,0,0,0
71.39718247688285,98.00645588244555,11.286087838124576,0,0,0
71.43649210660624,139.82335662844787,16.45681355837057,0,0,0
64.44051035688052,170.57548586369953,16.744696555813164,0,0,0
14.945558543105038,456.6851374187118,23.27655815003419,5,1,1
51.49594005555622,174.1545003822797,0.9135885679866522,0,0,0
79.16396981636315,107.12041533969557,12.358632516077341,0,0,0
44.65925419881423,136.88782812378406,15.349217006908086,0,0,0
55.80159488357907,147.8126720239709,13.453290786605933,0,0,0
62.153357683663096,149.53825920954296,12.103012810165895,0,0,0
48.90925942225732,145.70878120358404,9.719932981354994,0,0,0
58.34130787734709,158.04951588588713,8.256193616104937,0,0,0
66.31177334388168,117.98497085998677,19.724697062570474,0,0,0
48.78776466891742,156.73944166143372,15.079648959238977,0,0,0
67.35864385481908,158.54143244579433,11.316982944160271,0,0,0
52.14824107826621,217.95883033821116,18.223750353300574,0,0,0
57.93617504396604,107.03190506924912,12.164631182842037,0,0,0
59.06591128150544,147.49607271693955,5.6137322575648145,0,0,0
71.16798345182949,155.10049073451054,12.586900260393266,0,0,0
75.25274788249334,117.83956793460563,9.229174583807934,0,0,0
74.72531910518575,125.02709493304212,7.4846709944593535,0,0,0
58.2575868677408,134.9815123017783,5.926054972192682,0,0,0
55.912614628592046,121.99408012498583,14.44450866701354,0,0,0
48.419103803537816,135.6249351276246,12.251274260370018,0,0,0
60.38648162256067,119.85657149623316,11.229230141539071,0,0,0
60.42467035156109,153.89547669836566,16.51854021763433,0,0,0
58.38713376738162,242.40985004912068,9.702497581158626,0,0,0
37.14303313847711,101.91882441900066,4.33106982493521,0,0,0
150.54205497921953,427.1016264531589,23.089294384783763,5,1,1
66.82127384925721,165.06918139356551,8.806462243620107,0,0,0
52.97058250194165,161.01868235723515,9.046642900335055,0,0,0
57.114074304432954,139.74182992125466,13.48053276727238,0,0,0
66.35503543230467,122.30839652984415,7.880333752695725,1,0,0
69.66958301359044,128.93235818138908,8.11931716149144,0,0,0
56.80904260897111,156.00417930034249,14.004458516851427,0,0,0
79.27307752083965,171.50830859251343,7.058104663045055,0,0,0
53.029759663655184,210.01717341991423,17.76373632832034,0,0,0
67.70830520164715,172.31901742237585,16.90917831383473,0,0,0
51.982364674946055,112.743712802224,7.011498294671505,0,0,0
67.73836583308936,113.8305350526303,7.892531002397225,0,0,0
56.45369449282413,139.45338747914874,9.61610881090396,1,0,0
61.893320070418035,155.78531788039803,10.49941782102197,0,0,0
67.86261359706361,177.3625643097748,6.318651537609179,0,0,0
67.87495945454637,163.9741936722797,9.61860885839361,0,0,0
60.793250458343024,119.41480936265535,12.426053045683323,0,0,0
52.111102075309695,165.49607739076313,2.023919265510866,0,0,0
53.548925291926196,194.5696960574013,16.033303799033963,0,0,0
52.73738217563053,210.39035185090947,14.043502493643217,0,0,0
67.98956199622901,188.3617856417173,13.833668692705299,0,0,0
50.3118584215108,145.41479033986047,15.370023824515757,0,0,0
16.780939864381107,416.88696515451824,3.564109622692956,5,1,1
58.57232307191051,154.50705706953616,9.081743598667746,0,0,0
52.608454963298506,91.4260291695308,20.99617647414176,0,0,0
58.606022459156165,191.016521912465,9.387573950108532,0,0,0
55.40364635244253,128.04490780014217,15.053010502100863,0,0,0
56.577727963921866,121.07895223200758,16.76882068713621,1,0,0
61.06638945855511,126.785063075963,13.740892472437952,1,0,0
74.6746093796004,148.49884061988317,14.582376186115628,0,0,0
71.07205704335371,158.91433650941752,6.266083349560081,0,0,0
15.560775203576547,219.91814521037634,0.054822442509657066,2,1,1
52.1119075393632,79.4189678007306,12.422420973213525,0,0,0
63.370468928849284,194.93918019959142,8.01722372724565,0,0,0
74.20849351723956,172.35597394916047,10.609360678455536,0,0,0
50.814435559240785,104.34231930760444,19.306797918993794,0,0,0
54.126004105887326,114.97139780031387,13.19963685976466,0,0,0
54.531496289007166,128.21417299187965,15.604219183976177,0,0,0
51.9734411214465,174.30747022315168,12.745203799939107,0,0,0
49.849032613844216,159.8852749569705,11.22300534278673,0,0,0
68.08593895981053,82.74689187364264,7.972146086278999,0,0,0
61.644858712357745,189.0452571289873,9.223928456600019,0,0,0
139.74689330213207,336.4076679368086,22.964916632679852,2,1,1
53.416066683102606,138.2329286728993,15.220638760183864,0,0,0
57.43868673815913,146.16193602097314,19.135082124791605,0,0,0
55.944618108832636,169.92609555937565,14.268402429288702,0,0,0
66.83701904165356,127.35156353321747,11.369281872657952,0,0,0
48.83114643077435,147.0616997395013,13.925670208475111,1,0,0
58.785044828033435,146.39556745465754,15.129893259942806,0,0,0
76.92400593463023,91.31158231765858,15.396835465637743,0,0,0
50.75917271785709,170.9073238105529,10.207535610548087,0,0,0
154.7451728549331,17.38989407750186,0.9376782048446946,2,1,1
41.32622853111735,152.66612152133126,1.0952384968118452,0,0,0
67.13730731986347,135.2522711748054,13.645331998071697,0,0,0
56.93972680366307,161.5553224656584,7.687520355362161,0,0,0
69.5391585954994,183.34196708266924,14.860831430454752,0,0,0
50.80959542668121,203.7177525119901,10.769985590806932,0,0,0
73.13880607806726,147.0597794381464,5.641770508645968,0,0,0
59.03357185550631,147.5710194065001,13.450258288435244,0,0,0
62.399828289600656,103.08555878202743,9.513066637195486,0,0,0
47.7573055449077,99.89597192157768,10.730962799505262,0,0,0
54.926399810944865,188.56634907442827,13.321092304960613,0,0,0
53.22347035981076,139.72125200575076,10.195965288741993,0,0,0
50.7774510872942,135.04658002149588,12.345866850135385,0,0,0
68.54769353281092,176.59226512161135,16.791138344691785,0,0,0
65.01494707144927,81.135123995842,13.235734667497553,0,0,0
143.87933896743903,0.0,4.281674524159376,3,1,1
67.16888209369068,167.89708021390385,14.157630181386759,0,0,0
57.87409430380936,131.73826867003285,9.173362934344485,0,0,0
62.26546402189584,113.7636726137925,13.576374733449697,0,0,0
52.63761063240549,204.0772774248466,15.512258100201045,0,0,0
64.27913499075372,237.74719321630255,16.849345636864562,0,0,0
53.06511128640379,122.56856057459889,13.51731230184738,0,0,0
57.2178556685894,197.64215797013816,9.77259820991952,1,0,0
80.61872820729695,76.77336051786608,12.024460196303492,0,0,0
42.49493321433599,126.14549343148221,14.514799899816524,0,0,0
66.95005611100778,141.15361392104745,14.43887480946018,0,0,0
60.26652383287607,80.3414806177101,21.990574003358546,0,0,0
66.3781084391642,165.21224288399566,16.571974115206082,0,0,0
177.658071124717,31.28796666377768,22.918131422988438,5,1,1
62.32295443217901,136.244255921632,7.711295013257105,0,0,0
73.30855013545143,171.68298046593856,6.0034243034537385,0,0,0
60.62005483748228,119.642354331726,16.113414963294716,0,0,0
55.62562063532136,167.95367991607029,7.93697410576534,0,0,0
72.59382938903366,188.4247048037378,12.33643930019519,0,0,0
92.90068240691,105.39731701519653,11.419696498631659,0,0,0
72.29843565828946,151.91243993639628,12.902217139336006,0,0,0
71.83288750597825,99.31825602653488,18.379795653803164,0,0,0
176.06756324294497,515.743529198246,23.84171389578696,2,1,1
138.10350302954257,28.777091830045002,23.20833702819199,5,1,1
71.4866447153412,149.92017173773579,9.751865035632019,1,0,0
63.563945507598824,131.94538362780557,14.5716723004697,0,0,0
65.518039354153,232.7024283221451,6.752191750654651,0,0,0
55.65848140266334,125.18749250015718,15.349756651226436,0,0,0
62.58837209844596,110.15036511765962,7.610104048148284,0,0,0
1.051800494296872,583.4996358797947,2.839028827772699,2,1,1
48.20014931300761,159.75590513270546,12.811251528942604,0,0,0
69.99444534726851,193.81717545740904,10.33600955107809,0,0,0
69.56275107029711,213.30663864372414,11.508686109982184,0,0,0
46.999801294524914,134.66558309695358,12.78089133234476,0,0,0
55.69981819339007,173.29479521759563,12.622323227401791,1,0,0
65.70880539341609,137.92610279091852,6.838274312048736,0,0,0
61.45296185646382,168.1287890252141,2.428862320749431,0,0,0
2.4532656259070773,9.513851175687398,22.601829913772065,5,1,1
70.00768622472631,138.62068205406334,4.938675640052226,0,0,0
65.09636408148303,114.22188351866706,13.346090099857939,0,0,0
38.20058808135144,177.64148371524004,17.06468108160724,0,0,0
54.4944087187871,196.18787575462244,8.21996109077398,0,0,0
60.42048751072665,174.0134919075541,19.309995297841095,1,0,0
72.22586528182339,115.014983174382,18.444409442194956,0,0,0
69.91991604213358,113.88253087169754,12.815296709132943,0,0,0
40.59127567891822,122.78370646598941,12.178032103230553,0,0,0
44.403738977706034,157.41518416778845,12.647667456289206,0,0,0
66.75436403711828,141.29405655030587,14.204632459829845,0,0,0
67.61422688681994,172.30496053389209,12.870466837731703,0,0,0
59.17254644338994,172.14772788913473,13.613738880227059,0,0,0
40.98099769626464,140.24707794879652,13.645520303250425,0,0,0
5.795210121838009,13.663016052309352,2.3906045138806484,4,1,1
41.30290026323577,143.0431494849235,13.322558875856206,0,0,0
53.56028202286843,121.46153724366093,21.406998783244376,0,0,0
166.04008424823576,494.9617330790033,22.449453133524045,4,1,1
74.99027893468227,136.22886569139973,10.685037895661624,0,0,0
41.255589400482584,141.0605188604322,14.66896267959059,0,0,0
69.03465818963993,167.04071829244472,10.457012490818883,0,0,0
71.09945251513956,213.2737123199759,12.489701797416487,0,0,0
50.717363182218264,209.35954764271736,9.045323389140911,0,0,0
48.37600322673555,163.43675554330048,10.242557242790257,0,0,0
57.337738931213835,125.27352864213697,17.355927259534937,0,0,0
60.5997955109702,194.34804663777732,11.118856968493601,0,0,0
73.79907560746565,192.17569219783485,14.744644117030488,0,0,0
10.652980021056269,551.782453677162,21.121895396910453,5,1,1
51.68550680787102,143.3290902395432,13.70652973111976,0,0,0
63.61298617380891,180.32074176938073,10.635599842411553,0,0,0
70.03468263891781,175.5040392173663,6.185828173122727,0,0,0
53.762446476793066,194.16797019251166,12.929986796050178,0,0,0
53.829968885893194,117.60145519665645,13.484552724810083,0,0,0
76.5164725937228,117.33425617836689,8.80329482204148,0,0,0
131.2457747798456,22.53550709849843,2.014193839094202,4,1,1
63.89970634368837,174.39003947759275,14.041394838627884,0,0,0
50.34536082184796,116.64679046910902,10.54975387987296,0,0,0
60.31597088120346,149.4539364369979,12.655970155490266,0,0,0
76.56967443507097,164.58518680902276,11.146564587005383,0,0,0
41.53178936063644,186.43666207149212,10.45144343858362,0,0,0
51.122350812508394,161.14057704541074,6.686808321380034,0,0,0
57.30045004561374,129.18549941610348,11.88624874395155,0,0,0
76.68888536413183,181.48602004213146,11.088700171602065,0,0,0
70.57725731334578,178.53829833364276,14.995578590037656,0,0,0
55.74212749216885,181.47552796743366,5.688361819684367,0,0,0
49.73515981240169,121.4110075753946,18.699583668720873,1,0,0
9.907927627337513,490.9140396787149,22.837685314769057,2,1,1
68.38682630277698,175.82880578119745,13.353491999371034,0,0,0
15.732018356224978,12.999771498197124,22.096931372230113,2,1,1
139.16500105607793,8.141627664821867,0.04535621253378608,3,1,1
73.32222460353447,116.01287555614317,9.690523177856273,0,0,0
69.80059002025317,183.36989975331147,17.929522591688503,0,0,0
57.59279719428704,115.47433386798772,12.624798408472177,0,0,0
73.27789935133345,113.44392760929343,10.508545470140222,0,0,0
63.02813721158565,155.39522466771334,16.113375968740094,0,0,0
13.527933729584909,11.187813283839846,0.35092819973988654,4,1,1
53.325919362715055,112.11884701204141,16.35985255368513,0,0,0
49.043226064657105,185.3725841000218,9.715476383584036,0,0,0
62.25877567985423,121.1485096690645,13.919310410114205,0,0,0
66.48467262353911,133.63973774634582,3.035393508914984,0,0,0
67.30765714410585,138.06952430020368,13.486031361758473,1,0,0
63.571588284101054,129.07944695473512,7.404108999265689,0,0,0
65.25023901052823,152.99848077567583,9.893189745875862,0,0,0
69.088187338111,146.29668128445192,17.749415004963726,0,0,0
39.742918945152766,174.7561846061809,13.419494838188363,0,0,0
57.73873721502039,181.58142555358643,16.858347561768788,0,0,0
57.88435549373067,124.417681001305,9.821204078622586,0,0,0
49.64300000281795,127.57020636332265,8.405216859489165,0,0,0
41.421083853874244,143.47307412743194,11.325856004871264,0,0,0
74.81621185540595,161.1736534857784,21.6984891632964,0,0,0
66.68095585136399,151.08947969564625,9.877197440640366,0,0,0
153.49646918692525,13.915382604770986,19.367624941214565,2,1,1
49.476616647957094,139.9335379721162,9.249084405362158,0,0,0
58.06731121965666,149.75818358108884,17.28128900336951,1,0,0
53.21710532737289,149.46508957262546,3.5569914940688268,0,0,0
61.85542786525616,68.84817555028498,7.619927033019013,0,0,0
61.53504295168397,186.09782840347413,13.317814215008116,0,0,0
72.20603622580344,156.89639508252523,9.125094298789438,0,0,0
57.87520565483695,153.6661327680658,13.21187194416638,0,0,0
65.65429027239188,141.9322549940084,12.502964725962329,0,0,0
59.63864474127592,151.84666548267901,9.247434378774841,0,0,0
60.18379371024374,187.0333588480017,5.924789332132792,0,0,0
74.84992208994426,155.60195352258373,6.466812348175223,0,0,0
61.677596056121374,198.31833834858276,11.809101857863933,0,0,0
58.322581914970044,171.9461952477998,9.252633782090413,0,0,0
81.28046879739962,158.52813489937364,14.969376471777503,0,0,0
57.34710865380025,190.66083058302485,14.067877681299962,0,0,0
67.643998267336,174.1079483749287,6.198550631717984,0,0,0
63.067130931110356,164.55797865318837,12.15007484412876,0,0,0
51.74842463264291,151.17586761976705,4.539357379887405,0,0,0
62.7411480194312,132.34995838167544,11.797192404741418,0,0,0
66.20672307346166,167.57855229648607,11.12054758006197,0,0,0
50.9244423109322,164.39101371125412,8.377584985243667,0,0,0
47.918636272155894,140.9789098493119,9.766714766398815,0,0,0
69.93428971867864,146.69568087755826,14.60783540490553,0,0,0
59.98363951504405,91.04623919549644,2.9712581031955985,0,0,0
61.11239949590659,135.2237082005835,12.563544027918994,0,0,0
50.089070682344186,163.75005181757032,7.1527462444937715,0,0,0
58.95664117244832,141.16227642834386,4.77180725099347,0,0,0
9.903524461763547,28.025466088163874,3.202035187600357,2,1,1
66.91543920528562,130.9688063157825,11.764921986244786,0,0,0
70.14340378547355,163.15504571085634,14.036806066425521,0,0,0
67.39751832612649,129.1860659810228,15.220190702501256,0,0,0
55.461166412163884,152.0436757308125,14.323421702846698,0,0,0
50.2946549946866,105.08580847655878,18.157840090658603,0,0,0
50.28723617057179,137.1841913173888,7.556091598798892,0,0,0
62.44996253399369,182.2655926307299,13.888620937025829,0,0,0
64.53701220583264,229.2813040523331,18.381560446278424,0,0,0
69.65171156293603,112.30178118264391,10.897752232791698,0,0,0
48.036254896042436,138.83583244720373,10.580731324976082,0,0,0
67.6827261405514,142.02863236800826,10.756341082965825,0,0,0
65.05770414866672,177.0735528464624,10.594214684238395,0,0,0
48.770104329935485,165.54782203776074,14.058884410899111,0,0,0
76.20125064393795,186.5765230930573,11.035297982704968,0,0,0
45.576637185151135,139.37137802749226,6.179617020763878,0,0,0
78.67049353360991,167.94078947119874,7.185965031382829,0,0,0
54.55804217425037,150.20714908831982,10.040174970482521,0,0,0
63.580104705982905,124.99395608366775,16.381878577467475,0,0,0
66.16687401563374,127.3630001169302,20.826502653280556,0,0,0
81.55674829183596,168.260723557561,12.818507883555332,1,0,0
70.55176768693957,174.81934481511448,11.60949970714205,0,0,0
76.62374004801403,120.77473023542146,10.927057537985982,0,0,0
70.9994113724719,161.59561175131847,16.449901979616236,0,0,0
57.031447261197755,151.82527640318392,13.847493296688434,0,0,0
60.86060804797556,177.50026690843043,14.317498115292208,0,0,0
67.44424621225474,156.64678303134008,15.932347362173758,0,0,0
45.24231243703963,208.89287144541765,18.929756045712548,0,0,0
57.32631715834859,148.35667148348756,12.631948257368332,0,0,0
72.68178986851552,120.97876221206216,4.984023690005571,0,0,0
50.817529519203674,124.19691633479204,4.18955341953472,0,0,0
135.6704844484837,30.30923885273954,4.167761597362329,4,1,1
44.99759882239332,124.90258336266119,6.219595995771602,0,0,0
61.08275113049912,92.48798233669154,9.521211059300468,0,0,0
64.49668938945706,113.78120083639723,9.451597832919395,0,0,0
61.22055489821959,197.06307717490438,15.801860664756742,0,0,0
61.50368058726763,209.98085055211857,15.067896576944555,0,0,0
49.58239612476743,159.57410753816484,12.87778241674075,0,0,0
56.269676392575995,151.91185234059793,9.602406866562585,0,0,0
70.49806262722994,137.82009585516073,22.52368224889903,1,0,0
58.15399608152564,88.65660428973024,6.1495477677668795,0,0,0
154.73485144298425,398.56918733362056,2.2908402313819196,3,1,1
56.93933506493701,131.30783728078185,13.485809184058576,1,0,0
68.10502519699752,120.22414008622704,20.321710980163715,0,0,0
72.39013438891604,191.082642052177,9.924156107475902,0,0,0
60.6060205693522,161.01630406740583,13.114375677197,0,0,0
50.723284646262414,189.57429544235728,15.911643916549206,0,0,0
64.63448293383755,94.73459404947894,13.197460431070462,0,0,0
59.23368575481098,138.4020159596542,14.373558613535034,0,0,0
42.16339658953607,93.52151904820758,5.38360139118337,0,0,0
47.54999511395642,214.5018832462465,14.114757784951248,0,0,0
67.4324934447765,154.17212606362816,16.755078184746164,0,0,0
71.89283018730485,203.66174807988233,10.919464026545604,0,0,0
52.447909561678856,107.42024415670741,11.269448714639664,0,0,0
63.350176770028035,185.3966959757421,7.073337648961684,0,0,0
58.37395137235441,164.09450601633915,14.584914699514453,0,0,0
76.75757600932653,129.50459667669233,12.018491769773732,0,0,0
73.13599486837086,107.5804616621335,15.020331518478125,0,0,0
66.1067021159684,114.35663893888955,13.944118409609807,0,0,0
47.96791248345031,95.94704536362971,12.990904873542272,0,0,0
67.3273383449792,214.15376310676652,11.70791736356445,0,0,0
51.26617772484543,158.53225011096097,13.249544307710062,0,0,0
49.42085220337278,203.99960038997114,8.49749007652241,0,0,0
75.49340794917626,145.6619773662551,9.891448408349394,0,0,0
49.75153577301505,128.62467189203812,16.535932746515456,0,0,0
64.33722854704375,113.07786508664114,11.133838987474315,0,0,0
151.80732238806095,33.31450853124434,22.15183934158219,2,1,1
56.497483847940906,169.52553909357314,6.48371457482181,0,0,0
65.99508795364248,124.98047150409798,19.32335526308629,0,0,0
62.110244615294405,185.46856130353058,12.04849472385443,0,0,0
62.41670202249836,189.09114691749951,12.076246738436396,0,0,0
58.6687380305172,135.57308718942198,17.862230056619598,0,0,0
68.56702260254337,171.43588726118787,12.003228217687541,0,0,0
51.78145054186898,181.0591118875497,8.380286110447127,0,0,0
69.95713460447436,135.98744574048902,14.357391519077973,0,0,0
168.2910221281591,0.0,2.15071598945051,2,1,1
57.611416695019784,111.34925188001253,4.5889929197487875,0,0,0
87.17936438542068,26.301465891955893,22.405954205545537,4,1,1
67.6070749222319,132.84647322821488,14.90690144426757,0,0,0
57.61509505333854,112.97742930841804,11.386833809985195,0,0,0
52.768854151044415,134.3511023768971,12.380001515025409,0,0,0
45.33809613167175,146.97015094856243,3.9607230836135816,0,0,0
181.43510908216524,17.871336876599003,2.966010927645503,2,1,1
62.277026638683914,160.16857510232552,14.34710554101841,0,0,0
73.38925112918842,117.07392273999301,16.804625798349893,0,0,0
56.08561794129108,108.96750455294804,10.738077524877495,0,0,0
63.37452911660971,103.41611301076551,16.474614727023823,0,0,0
66.660427185525,172.97396732082353,6.350794498335534,0,0,0
63.77777338415527,127.88249118195574,12.552559153153375,0,0,0
73.35277534214764,148.80098476284508,18.321846142273657,0,0,0
54.600843646633834,191.1548085932806,12.380020876598076,0,0,0
62.12603034523192,146.47004951897196,10.536964764557036,0,0,0
63.87699218365444,85.62080028653335,16.229757273224664,0,0,0
72.39878575808073,122.94867806797201,5.595385077806716,0,0,0
53.83921233385033,168.15875909485356,11.953815542581482,1,0,0
71.28497053084126,170.97245609336542,6.406278209056992,0,0,0
171.03683048705184,582.8340556632969,22.844495189569876,2,1,1
48.28609694361249,157.2599157161588,14.992296430087938,0,0,0
54.48775784116675,190.98412272370558,12.553358978838316,0,0,0
52.59331493843024,135.58217739264163,9.761411634151537,0,0,0
55.56162926732398,187.36039275726407,11.467798051161779,0,0,0
48.07831550342858,181.56699218046583,12.97774629030586,0,0,0
72.99106477524836,169.7076699225899,5.505118670155537,0,0,0
40.353851405488356,183.50862840027656,14.313751709446622,0,0,0
73.92847098449799,197.90712171995125,23.578189133444333,0,0,0
48.49360031489147,130.81123933751854,16.469324432361795,0,0,0
71.47845369116604,169.50982144455546,16.61400398183752,0,0,0
38.493337890546385,116.62742488633691,4.443995608874141,0,0,0
56.56916827151668,136.326992318196,6.699831655492059,0,0,0
59.91410011839697,152.66761968934412,11.736920221528976,0,0,0
67.09782077092967,139.2663275319951,16.07898055613528,0,0,0
68.0473412421908,129.8253763475992,9.390697610703086,0,0,0
53.35186762047149,199.7250085956334,9.798283057691439,0,0,0
63.9509760365403,172.2780130190339,14.853369608052482,0,0,0
51.656186464931565,178.01441033475615,13.043529697316593,0,0,0
63.23323225071746,141.7782437564023,10.595169198237036,0,0,0
58.15322468100491,175.22500074800269,10.28750080937129,0,0,0
60.4409668441262,176.17380297836735,16.846738545172702,0,0,0
65.57135631266874,175.8625233786234,8.972397283425586,0,0,0
63.352781454213705,127.0995342082227,12.602873322970007,0,0,0
68.40182866413355,131.81022231507782,12.364057096010109,0,0,0
58.21863241595994,140.58553856592047,2.00678378374306,0,0,0
79.12203403716804,141.46254229917503,15.795858723821341,0,0,0
68.91474326853393,191.24233389570603,5.828389617499817,1,0,0
13.648849005049096,519.4635656391229,23.805266651656307,3,1,1
49.07509394232402,162.54111988680012,12.726836860213934,0,0,0
62.41706103237193,144.47794974030927,14.179157343294959,0,0,0
63.480539820380336,163.6815702134971,11.878797229876428,0,0,0
42.8651123910621,220.0556123644165,14.618784769120818,0,0,0
77.22826495984677,218.91410025567436,16.807769569508054,0,0,0
61.952023067860154,166.3985451574272,4.936706683122068,0,0,0
56.72320552372211,203.20501914876257,14.282930215594915,0,0,0
62.922261358187356,149.36976861862843,9.840171889124651,0,0,0
64.13723214143161,112.45561720495198,9.002871306861373,0,0,0
167.44112580205487,525.4700662550308,23.559527125631263,5,1,1
62.008870580393236,129.50380354292898,9.63882476501532,0,0,0
67.17067919590083,122.23444168220315,12.675367324400378,0,0,0
51.1724508535862,166.16833064149205,11.403549029433146,0,0,0
43.30314597171963,186.0789548830215,11.788172002221811,0,0,0
64.67903204907479,157.3580711620046,14.544739339916768,0,0,0
65.82758530051467,161.26856883193565,9.147372538561628,0,0,0
75.32124726705099,101.18141844129605,16.811362578606126,0,0,0
73.58465395990048,115.40699584911783,8.435818734048478,0,0,0
63.565742849291546,137.41564228757025,14.394633955865759,0,0,0
43.79366654578796,192.31425494188744,8.948097175872993,0,0,0
56.25540474524328,185.81630456749093,14.746717406186564,0,0,0
0.7109492486322715,36.224190208469906,23.422966458552004,4,1,1
47.13952637148602,137.03696783118215,12.308645472963962,0,0,0
44.355522881456615,117.93861186372038,20.18980397141493,0,0,0
60.81626716402464,98.09682886548681,7.953997273340781,0,0,0
59.41908362219402,172.53180457124898,9.520139370681054,0,0,0
79.5291005865729,185.0872036824897,10.573238711884942,0,0,0
69.16257705549228,160.10135359418163,10.323706349060831,0,0,0
60.5425672359131,199.57323545169388,12.406730299986563,0,0,0
62.45242154146779,168.45893978779978,11.812237559904277,0,0,0
71.93772534755345,142.86629408531576,13.489930309987676,0,0,0
50.733052318739816,174.22305157332076,8.424692417431901,0,0,0
54.639216796954905,163.43777814111283,7.691097563275024,0,0,0
59.49450084067942,113.22978915091008,11.251811165504432,0,0,0
38.20755406502107,104.65988730254489,8.565878663219912,0,0,0
59.91377396142938,156.50679198750382,15.16658013080524,0,0,0
60.931030852055855,115.34778280923373,10.865032794481044,0,0,0
61.943568672995816,100.18578941298482,3.58303612330268,0,0,0
79.20754567980828,176.15919912065235,9.296554823709712,0,0,0
57.07164547550512,162.96108411433582,6.377778000055508,0,0,0
87.202414689485,144.38751190291748,9.543838281635427,0,0,0
0.0,516.2262741224216,2.8031247808548234,4,1,1
58.83549748153383,56.075591186511076,13.18682799103305,1,0,0
59.3195050162411,114.0086292038064,12.013595946365,0,0,0
52.39721516916877,180.2970077639033,20.640774251955197,0,0,0
61.39386554809311,154.51586907710828,17.304563919013656,0,0,0
52.6654856284835,109.53143869586104,15.253822259249143,0,0,0
62.46476096663902,133.0253284252441,16.748245998965377,0,0,0
67.82728905732446,133.46163491519994,19.14454243738419,0,0,0
50.487036475451504,146.97985902576244,11.793720784791338,0,0,0
59.74986709659227,171.16137609624857,16.65505199712073,0,0,0
62.674058490343356,120.96783646774044,17.68869366276684,0,0,0
58.236545541553426,150.43730088079002,10.887258102960658,0,0,0
79.12407692596526,163.13780419789393,12.808416308012449,0,0,0
60.716354199533924,151.59071199867023,6.90362363223149,0,0,0
58.30786282426972,97.75236037967213,5.377060366334998,0,0,0
60.054083453414385,171.16522945801785,19.022156301469543,0,0,0
50.58899496198356,191.36139183660012,4.603495015990605,0,0,0
61.18937489651004,163.98990210836183,16.287614557437117,0,0,0
52.85470243122353,180.56320967891565,12.154047575061846,0,0,0
52.702685558279136,173.43072627553383,21.001373811772275,0,0,0
57.18975003537745,130.26349928863868,10.611365377057195,0,0,0
65.75896637218472,125.89198649227885,23.457751985601227,0,0,0
66.87667353184278,130.5134755516891,7.493786181457197,0,0,0
55.27757464557904,163.4230957651045,16.191440681616008,1,0,0
65.08912855569727,194.7195666730497,6.215301371835297,0,0,0
44.943637478900044,162.8483433618064,7.647049032533564,0,0,0
77.38521221631551,219.90623526721873,13.458133810772798,0,0,0
15.854074377131889,22.00865173026965,4.4432913433597605,4,1,1
54.98168622963749,121.38188182838837,16.065954432789823,1,0,0
25.251378017795403,133.35562113218526,10.329669783630166,0,0,0
53.0012885360578,159.71454332941713,8.577088429203005,0,0,0
72.01267213680035,115.33254624166646,12.864993642779831,1,0,0
40.20009319338648,146.03676934163047,5.479080394063425,0,0,0
12.478044895244214,13.782540172148911,0.06179646682967643,3,1,1
150.2983384001166,3.9951419783184043,23.284176070185676,5,1,1
72.12221664865453,160.35893202301384,7.7707051980348645,0,0,0
61.588958521122755,159.0093749719124,7.581122117886703,0,0,0
74.37548019924618,147.60717353132696,8.747939658261718,0,0,0
61.554978738020786,109.22197562266047,12.926656665333816,0,0,0
63.17629660238318,166.79917970492173,8.192253852420532,0,0,0
61.782685491543994,121.23575131891906,9.831855465762555,0,0,0
65.1347467278249,173.82136495329644,8.432521540999566,0,0,0
64.59843557559945,193.82384374465985,13.994214215548041,0,0,0
52.318240979241835,159.04622000808794,16.55116802514825,0,0,0
68.30519680231637,181.34523459072602,14.283277693775672,0,0,0
70.25509475013747,149.24399518869222,13.864975336152703,0,0,0
70.27007098507272,167.89177399474252,9.685051200169818,0,0,0
58.838087531767236,132.22668017576027,11.458389316728208,0,0,0
39.864062431080995,122.12097695153889,7.327668639878015,0,0,0
30.870694247642156,129.78655794145644,13.223030526397494,0,0,0
66.69884883304246,141.9827723460818,11.11325221827976,0,0,0
57.39911376860666,183.4107182821665,13.463802497377515,0,0,0
69.11639202226155,111.39123074851258,8.367806346515348,0,0,0
69.48061567442566,212.69559128123998,8.397586384370097,0,0,0
68.04794311834854,157.4665427633532,14.97612241693286,0,0,0
43.53054091740121,122.74934553930235,16.036495893093875,0,0,0
49.13651570009919,127.48191838397173,9.226529978082377,0,0,0
78.67214157271775,167.5508824512105,21.032628076725125,0,0,0
133.07824743706976,647.4828735684985,22.071634535911574,2,1,1
57.83253882063515,116.1927833888481,12.63436679033849,0,0,0
51.103985069693096,129.81040055065375,11.418656247556394,0,0,0
50.15128282846926,161.3098195344524,7.320655483076709,0,0,0
60.01866182099544,114.69135852008316,18.15047586810166,1,0,0
83.50819997109245,167.40451868182402,6.052549770767982,0,0,0
49.03334531794143,150.8528103468328,14.582522001542827,1,0,0
50.76931270420319,142.73883370482037,10.33122747114247,0,0,0
83.221148731288,147.26801973373057,7.093574962132578,1,0,0
65.0523161016405,179.84210387559523,13.434841110749252,1,0,0
3.3117351954008,24.25501841165489,22.78706100095235,5,1,1
60.87670217593135,125.97552918141744,7.015576476563572,0,0,0
46.31085432547546,134.53635440685173,13.054342528022081,0,0,0
54.820808333372696,136.1015081692223,8.834819335583305,0,0,0
67.43786184529998,168.14371989348376,13.096918725790653,0,0,0
60.97205284640293,183.79542471555413,17.529338748191996,0,0,0
160.55842495924935,12.379378220646023,23.493735216472206,5,1,1
2.2088204295387364,485.9907716177451,23.199527514818328,4,1,1
139.25428570915034,547.1853655149523,2.8512238541013915,5,1,1
61.81366982478283,149.76741356549306,12.380742094167157,0,0,0
66.47263722179541,164.15343211285037,10.213042700376047,0,0,0
46.67827249163017,167.98817275020676,10.42140523415464,0,0,0
64.70799635545765,177.4489213168583,10.976631732923266,0,0,0
70.97069016615495,196.49722120249652,11.464757317815732,0,0,0
6.2637564757594415,18.1893790006499,3.7101377049360473,5,1,1
73.78758804486617,114.69726361116366,10.945384588562755,0,0,0
74.16005618496753,163.3820761538046,13.62686817923547,0,0,0
55.23796100577907,134.6095755765698,17.145335544524585,0,0,0
71.28668039131512,189.19795176305615,6.274122324808778,0,0,0
59.33473877585205,129.7963052669033,13.412759888548381,0,0,0
66.59182510052388,157.65297310275213,12.187900031710312,0,0,0
56.975684547263526,171.51644222717545,11.02309395437264,0,0,0
58.93693025823507,150.97854730034967,13.510557722998328,0,0,0
65.91651254796213,139.656347675932,8.901668055033712,0,0,0
61.65532495154933,122.10900493811924,10.405558560410014,0,0,0
64.37879275530399,127.56134355999215,14.071372213299401,0,0,0
49.63735441161422,159.73217028071772,5.459470446457495,0,0,0
69.06995757025058,160.1700845496149,14.117499623057912,0,0,0
52.876073943468356,167.35278761429333,11.978580597029516,0,0,0
74.22826205151283,130.65570978967057,13.902676756430179,0,0,0
39.45190349721191,141.0974504519081,7.927240865527869,0,0,0
59.42575859711043,137.04030803048508,8.818757060252132,0,0,0
155.49995647529772,18.64335995136244,2.6592355981165117,5,1,1
51.676627027015755,149.74249476371523,9.080768333185677,0,0,0
43.209832381257314,159.32624116286206,18.037539805322083,1,0,0
56.358443093987525,128.40107673248968,19.36421959701276,1,0,0
81.55504082448167,162.99155396451215,15.677623949208021,0,0,0
44.21495489185775,177.50136119524763,13.464209478102001,0,0,0
68.75687623765396,167.7177113188522,8.160010686003684,0,0,0
72.22548483510523,185.13308322126542,12.8591460236141,0,0,0
65.2021436517717,111.75497202227346,13.21677047818589,0,0,0
160.13575370677867,501.3405611193845,0.44653019639676117,3,1,1
67.51968787484766,168.42796718964212,14.124060290741532,0,0,0
60.76671168496636,186.3861075477036,13.424241641767122,0,0,0
9.903527187230232,427.27080077885586,2.7275697813479787,2,1,1
75.35459891394127,148.54941924851514,12.044086513881394,1,0,0
80.05595200381283,140.16523749215654,22.63687697869714,0,0,0
62.23217329109833,117.64707109622198,22.127572832111298,0,0,0
9.147748858131608,565.3620025690357,3.378986979688694,3,1,1
73.44597059022765,121.90446668894255,17.00827176182625,0,0,0
53.50437368844407,113.58881687254512,10.558215972183614,0,0,0
53.534199939183345,143.29912820055344,3.8296325390939057,0,0,0
63.92697079596808,128.5419801466293,13.198762736802747,0,0,0
155.9074337396566,568.1368323797901,23.11809564679314,3,1,1
61.86949469606691,189.0281651995715,12.405373243616987,0,0,0
64.84280658765115,176.80804723837096,6.068498094878331,0,0,0
57.46894769393996,180.13682042783887,14.228139385219272,0,0,0
67.57015265679725,135.56105652904085,15.924835186013564,0,0,0
9.750871341478911,30.139774894869362,21.599043863320997,4,1,1
164.4451213701622,527.3160831999733,20.710199906889088,5,1,1
42.39267373371636,136.3277903646639,16.108253564612628,0,0,0
76.46496005254136,160.622099123713,8.28413543059674,0,0,0
60.64931941026203,180.31075647593607,10.654905570177949,0,0,0
79.95775685379303,153.52019519957787,5.577980012703844,0,0,0
72.45005533090891,199.20894863063765,13.29209421766287,0,0,0
45.307628097488006,165.10220210951047,17.143773684137383,0,0,0
53.91992889841791,165.5883887332754,9.625612338057989,0,0,0
49.326982551201965,139.110648820903,9.219006249515697,0,0,0
59.78364582934794,151.77355710798582,10.023406180320263,0,0,0
58.23137551485916,146.6053984876722,12.826628763074007,0,0,0
52.3723058156141,109.78277694738316,8.395153660980029,0,0,0
60.94250765770461,103.73048661191844,8.46090627593323,0,0,0
53.037166302115935,149.22513025212814,9.544107716705986,0,0,0
47.7404785067542,156.51070450616555,20.229379065822762,0,0,0
49.03410488327636,109.48312220697412,8.135577220805345,1,0,0
8.469718086875382,19.567089049125485,4.003064174656765,4,1,1
56.386515529347164,125.87492423275003,1.3455009220808964,0,0,0
49.315088135413134,173.01085858159894,13.927354624658575,0,0,0
61.06263946304603,165.53047595955155,8.055329767337934,0,0,0
74.51453920690443,125.7147416834041,9.196788435255824,0,0,0
48.183116199274906,178.6488381366166,4.927822558738877,0,0,0
7.650338517375612,602.7837746360483,2.5719680098105044,3,1,1
77.51405562462,133.55725199989834,7.8125764952461205,0,0,0
78.96075994931695,123.70201237532599,11.90350528522016,0,0,0
57.00137751587091,175.3601596883982,15.880528129708605,0,0,0
70.3875564498379,115.77659043224222,7.71437733368751,0,0,0
58.00279422134224,141.35536102950545,13.146122605749685,0,0,0
14.97142030884628,30.722581423217406,2.6576038691301433,5,1,1
72.9528109178527,157.04507967584985,9.059766382704804,0,0,0
161.33933655948525,23.08586784414968,3.3022194512674585,3,1,1
71.87154267926043,95.6879314392763,15.311429318687896,0,0,0
53.101767470274616,167.85346312886426,10.383374097775725,0,0,0
60.02404618238281,123.25603039410082,4.550274495774506,0,0,0
57.89410781476986,162.7526478160056,8.98199877383657,0,0,0
86.38567702738834,179.78334838523165,11.314337762392809,0,0,0
76.35493142182634,78.83338515781335,10.264343464566505,0,0,0
57.65487413987441,149.01848178745425,1.8173517309996683,0,0,0
62.53172158995187,139.73635337778583,11.024240058148775,0,0,0
43.444019418155804,149.17977039054213,13.857436371734797,0,0,0
13.200999920534013,23.483956288461414,22.20873143496476,2,1,1
178.33254019179478,10.577449354524427,3.063900213181095,5,1,1
69.0331242600991,158.76349006412048,6.585635166940261,1,0,0
75.31418852767816,162.99922756477096,16.34273300586552,0,0,0
58.4324422307891,143.26036149401335,8.852099726267987,0,0,0
58.831344943962684,216.95433626710556,16.554840338821908,0,0,0
62.53252872347158,197.58519239956703,12.570439632277237,0,0,0
50.2830931496799,125.21659287596593,16.547875282917847,0,0,0
52.00432420308015,151.7167984009263,8.241940587514055,0,0,0
77.38615503206,137.5050603011887,12.021154495964595,0,0,0
39.544879123700916,134.64858352037592,14.663004638679656,0,0,0
68.93166522851942,171.51701208518944,8.68920863051045,0,0,0
56.75662670415571,167.04132126914988,17.997320831678127,0,0,0
11.689977312640256,451.9726550080788,3.1281801752141574,4,1,1
78.30819397097603,157.9822831014679,12.165606858658556,0,0,0
72.00243356240537,161.67853147636424,7.1460541155750015,0,0,0
9.6804979706612,17.589205921262707,3.5071167203602283,5,1,1
73.57078262240864,188.39257919717272,16.418074397132138,1,0,0
67.2513546643969,142.2001740709763,21.165463695556483,0,0,0
79.01048387102527,178.75617183952264,14.543195175813294,0,0,0
60.73271633858327,203.39279757133446,18.72533391996309,0,0,0
54.131218849693546,173.74168622056717,13.00643059060488,0,0,0
52.834564157404145,144.039878561388,13.292943224780178,0,0,0
110.27333290213667,454.1974647532842,4.352381936404045,4,1,1
52.79523395934653,120.71913604495349,13.67320834065555,0,0,0
58.364024454475526,127.89334035743973,16.52193676545882,0,0,0
74.4394592035142,154.21379880286023,11.005918168269174,1,0,0
57.70794642838142,191.05731152728478,6.674046530027341,0,0,0
45.62636677452762,170.130025045279,11.718526485423284,0,0,0
58.255676576225056,106.6941578544434,13.143380213417329,0,0,0
39.81631707011438,147.84546860699038,20.510726236322817,0,0,0
144.97336684778438,460.6426981996612,22.169702373416385,2,1,1
51.09032050611461,123.38664238896928,16.732056423025984,0,0,0
53.20354194910145,122.20768686462358,12.578738355516464,0,0,0
51.25824098660179,171.92189108618248,5.390149692275754,0,0,0
59.171949031288065,172.31381408307524,13.38477248929325,0,0,0
61.406721323032635,183.50817097117522,6.148873230296245,0,0,0
55.818422944951465,141.22736497954955,12.055689979856703,0,0,0
30.436192790640245,177.2781427458259,9.643139154911097,0,0,0
63.77666829019213,140.19167952348812,15.870223806951264,0,0,0
62.25188495005281,135.18638897718384,15.63310489452709,0,0,0
51.25814453123578,139.72552809956116,9.031122927551696,0,0,0
52.145886513572975,167.14545136583578,8.27186485447147,0,0,0
67.51241525582336,184.8826993997405,18.4844220311879,0,0,0
60.87493697111341,139.71435513095167,11.489658387315693,0,0,0
71.50698437129631,193.35453433227093,12.317837146889556,0,0,0
67.4052483008202,139.2985178902651,12.684751117887645,0,0,0
57.38107234340638,167.47304243074956,22.905138617755824,0,0,0
78.60515729208338,138.33585315508435,14.608020488577838,0,0,0
56.476393616213876,190.63517590323366,4.064232068394966,0,0,0
42.74308364989564,154.9821763361241,17.94639186377054,0,0,0
182.31262351787342,580.0394559471048,23.88529505698397,4,1,1
68.40982015065038,138.23579269356208,11.376569493367603,0,0,0
40.00618158570066,178.86254551647772,12.118042363464035,0,0,0
60.79496974228047,144.6503986158486,6.8492230315078055,0,0,0
52.546448704513786,179.88562838341014,11.742308806591618,0,0,0
66.44241601818027,115.15025337150021,6.862857166582017,0,0,0
61.377855522536976,180.73138448882438,7.996696649593586,0,0,0
74.35193628785913,179.5797852813824,10.31888218899352,0,0,0
62.64409174789187,173.28324254048795,12.704091111778615,0,0,0
45.69931029448475,160.67531283941062,16.477181884919553,0,0,0
121.70513449194269,528.0417321559551,2.9782268268375,3,1,1
62.56066675259855,189.52297662577996,4.973405234289862,0,0,0
55.354896410555654,147.7319446202333,7.471539323651873,0,0,0
52.234798873723705,156.37637530127645,7.78956184530424,0,0,0
45.52569728599559,197.00536383455886,14.336190831514259,0,0,0
58.14275644512229,114.96747221758937,14.876868430240922,0,0,0
64.24183636239782,168.1524666036156,21.165907077043965,0,0,0
53.63270724782856,221.31396224759033,9.942146848588187,1,0,0
60.905174690589064,70.57412522099999,13.261977129639018,0,0,0
69.05720967663093,197.60494524802274,18.994038206996006,0,0,0
60.137264072875325,180.17394348936108,9.3747303461803,0,0,0
50.7494701316801,145.43939157994168,16.86838404320679,0,0,0
14.18168646423063,9.605133451067731,23.562164007523595,2,1,1
59.7832342383289,177.79787082701904,2.5821848287875397,0,0,0
77.61302055639452,136.08091049884527,17.265592109991825,0,0,0
62.009674211177945,138.99682218868048,12.374189415573275,0,0,0
60.57372313036572,124.27179472226197,5.786553670477968,0,0,0
68.01938620284488,149.31423736182145,11.47500141752313,1,0,0
57.379373029505594,116.21110373781838,17.879206525868522,0,0,0
71.86420906821189,137.7439966664933,9.408158411395778,0,0,0
65.43513554577149,162.59938456566832,6.259754736854469,0,0,0
57.022273625192746,106.3438646682306,11.062017921893156,0,0,0
63.2167192350372,156.8244220234626,18.29207543910112,0,0,0
59.96856184918151,171.94111848783183,11.676823175925064,0,0,0
62.48834924188434,194.58758285022958,3.1624407901696223,0,0,0
57.963075967693136,195.3136712607769,18.116810915222537,0,0,0
56.89002320959553,195.70760295190928,12.53000898281763,0,0,0
52.85571459771106,153.33162051926365,15.368510198506156,0,0,0
126.16115764850183,634.2212904346243,3.0097255390220092,3,1,1
77.75306812509507,116.15487497335715,5.216139135033561,0,0,0
42.30922030715395,129.3956421341615,12.335126878029657,0,0,0
50.27975583776367,167.32239317940497,8.150162620618595,0,0,0
56.4105420878785,160.34387704459513,14.590694020407788,0,0,0
77.4639609668873,161.38012854909823,15.299969130273531,0,0,0
53.602154520814736,118.70968061403438,16.59808193235658,0,0,0
56.82344465598101,107.51313187452828,10.795174193299204,0,0,0
37.76419739892848,191.36499734659157,19.073902724322675,0,0,0
64.6118731550435,132.51556245139022,13.946627568889435,0,0,0
10.862471805200169,495.3887611976785,23.791041424526853,5,1,1
60.01408140736577,189.131182638055,14.992517165430234,0,0,0
56.18351486788997,184.00815403516103,11.09716593572718,0,0,0
72.46076754937133,108.72379249622838,15.857338743084972,0,0,0
156.6741127803996,410.7591311701876,22.53628028911814,2,1,1
53.35684316467177,189.50827634098323,9.873961551642711,0,0,0
55.16091002125209,120.0913649537623,16.697522365647117,0,0,0
67.42349472337281,113.07341048868787,12.283644438289251,0,0,0
61.93039035294165,171.5681647524345,8.825572644300507,0,0,0
59.814863739489546,152.73607502507178,14.518655999311864,0,0,0
55.37120760427451,168.41848034005133,17.519404177387347,0,0,0
79.49417344020347,137.43746498957367,10.5309122139081,0,0,0
58.96188469898869,107.94997216414683,15.512885883614995,0,0,0
49.59429538216506,108.91344112362752,14.691825106466883,0,0,0
66.9196560714377,188.83430501321106,12.073391902959306,0,0,0
46.24642802552562,133.8435004060777,14.332080152096106,0,0,0
55.3872805052295,103.09252094156145,12.783716204668785,0,0,0
55.287078427383115,116.37347138475113,12.258953542576174,0,0,0
64.76447189774909,176.6796282425478,11.362329986049382,0,0,0
49.0573047174845,152.95164975141492,5.547638124045196,0,0,0
56.01322603299008,101.17234364448194,15.0177373778594,0,0,0
61.217810698468874,157.17628027378373,12.580557457411134,0,0,0
79.35906935285678,194.71873103905153,10.817889744735194,0,0,0
51.79162282336364,184.46785992744117,16.634326349235543,0,0,0
69.87436081730445,124.79922527231768,10.51000075540518,0,0,0
46.85103792590141,119.47968942810962,11.205924373847832,0,0,0
57.4548710628366,134.70654301911634,7.911548167874373,0,0,0
60.051417878034286,184.8871868186635,10.771349199818019,0,0,0
58.06570991364864,157.68915147985723,10.87897468398154,0,0,0
54.198107351481816,131.8861478659993,9.431095449028035,1,0,0
42.54454457510442,207.62684589144374,17.74410176134675,0,0,0
67.73183173115996,152.121058441609,3.108854211349918,0,0,0
82.34187618386113,177.19190324021702,9.194396719828887,0,0,0
66.94288516233671,139.68151360499508,6.784626110565866,1,0,0
59.872524713388216,170.51255157875238,12.062107682379242,0,0,0
69.3693257632448,126.0189973451094,9.536786722484013,0,0,0
65.84452835983083,170.35655491182075,17.49105568783221,0,0,0
63.03860067171273,199.93650606740215,11.367311484178277,0,0,0
61.470821021127406,167.37406721129977,9.654106998059538,0,0,0
59.52138792191597,126.2866206210462,15.57706526080349,0,0,0
41.9919665163453,175.99187091151293,13.749626215747453,1,0,0
70.87075506510708,130.7385297621309,7.395645204647381,0,0,0
59.59706193009477,221.90987155371624,20.514981539069016,0,0,0
62.133291599953225,176.52745089286486,13.23535809398054,0,0,0
83.15314739609687,167.82364163090224,6.9023186883151615,0,0,0
65.05042447805116,153.27874585292474,16.179037672155612,0,0,0
49.18382559784473,101.22955125355884,11.03875703534023,0,0,0
56.433322993510174,173.59275420795504,14.060226109304523,0,0,0
74.13123189283318,107.40422229180396,6.170987198869437,0,0,0
60.509179333609545,148.9652638468003,18.296107598266353,0,0,0
57.674291279608106,127.99214176623582,14.659126762743046,0,0,0
62.934863479944745,180.02096890373653,9.68789258345116,0,0,0
56.427595294877506,121.40174853995862,17.245443565227614,0,0,0
38.581555223290984,129.00034389376754,16.6259249437239,0,0,0
58.69306083599493,172.11147995927982,8.154051934460453,0,0,0
69.78480257859735,85.32566360175456,8.587231809649877,0,0,0
61.52985889594293,130.67105684516127,12.60543258678998,0,0,0
54.45336986780196,65.17412026890253,14.600944648771755,0,0,0
68.83843764548219,199.6897587572823,13.571155245464407,0,0,0
73.56786023016262,197.45822181214658,12.326453304958754,0,0,0
67.22808984771972,164.53787032890344,10.586672260292515,0,0,0
57.78422914498684,125.8434030473284,18.044932530083408,0,0,0
47.367795472067485,170.70512148733766,16.161521900666273,0,0,0
57.967244199402664,151.33871457063762,13.764958535877266,0,0,0
161.75368978283055,397.49141105941436,0.05340133542388159,4,1,1
60.21252403619988,147.15984028902145,15.00925501910195,0,0,0
43.34401104722318,152.2011708558116,13.168843035231426,0,0,0
68.21280777863895,73.57046163234916,8.754493912048652,0,0,0
66.76438450339111,161.70388837726279,20.361015049120304,0,0,0
57.866295314911575,143.44474917787974,15.359650000792602,0,0,0
59.88721319996646,94.4546947034917,16.01403926675183,0,0,0
61.34928178276926,144.67414500681818,7.214268852600856,0,0,0
52.190042996948705,152.02119566291833,9.799316136726253,1,0,0
78.15644322431078,125.43974102415424,13.569578418125419,0,0,0
60.140057212461244,204.03719539017766,16.310071432289504,0,0,0
66.60969842249797,176.98144965290587,11.00091180013012,0,0,0
69.49848602227918,159.32689089970657,11.965053644374771,0,0,0
69.68356028385917,169.55655836869227,16.958380798217078,0,0,0
45.01287316626388,148.22440957955013,13.005862023646266,0,0,0
54.608675998319185,144.996066746029,8.57152927816706,0,0,0
70.61590729076833,142.20629388337568,11.999079354513992,0,0,0
6.618189859779674,594.7072555120711,22.084050118311648,3,1,1
66.6123261935717,148.71810001441037,17.4779998983947,0,0,0
51.67620860853029,152.91722658096904,17.263663388432516,0,0,0
54.4568394915488,206.18232546418056,9.325091227733527,0,0,0
78.82666188743069,146.35888124424937,14.00823870273425,0,0,0
58.25462214281594,165.1813595427626,9.766077039968899,0,0,0
71.28912132147937,174.77590773940167,13.79994933693927,0,0,0
59.31902842011359,203.2615730946845,6.741340830306344,0,0,0
77.44872425824528,153.70554965476774,10.581994051861336,0,0,0
56.00856295214418,88.44918183658757,11.176527813113294,0,0,0
67.10298805672787,206.94810981784315,8.684184420833978,0,0,0
52.1458736110804,152.81047842618761,14.02058418122201,0,0,0
52.80256864060982,98.07161114071596,6.423394508859623,0,0,0
139.82756697940465,383.6672764971296,4.15244854956758,3,1,1
65.34966885758381,163.17955313114436,10.979264707370442,0,0,0
179.87850015204407,22.56445599514909,21.785324074858107,2,1,1
72.8848542933568,117.04381698312217,14.691710177902234,0,0,0
50.18179616921658,143.75389503604987,14.972639657327372,0,0,0
8.655588860061053,325.6784917441421,21.862965924724705,3,1,1
58.762991420939755,134.3272603989122,9.692163873692284,0,0,0
63.956493986645214,170.98032201360004,14.748101230591113,0,0,0
42.628005248169174,166.96945350330373,10.76970371390707,0,0,0
73.04466956791514,144.76194801136214,12.570648305895553,0,0,0
53.63602701201007,141.98141105756673,8.288477532537208,0,0,0
62.48414383336626,118.12246371778677,8.796954635550936,0,0,0
66.71281011389026,169.9746320894089,9.9988484226336,0,0,0
154.6300612394179,530.4370299493545,5.635464420388729,3,1,1
12.974588548373093,24.315825612384756,3.913935206815762,3,1,1
44.45604479213164,161.9366051005676,10.49974589057432,1,0,0
66.89758540871298,117.32170386681528,10.469478065005676,0,0,0
63.86452865744469,165.14313002305613,7.365973181776888,0,0,0
47.848581588380824,152.28694292564026,9.263255049756987,0,0,0
41.76780993977026,168.42443353488284,5.695583680203154,0,0,0
73.75472733013359,151.8802508216018,20.303993394556084,0,0,0
58.86748527695927,150.79226775752846,9.097217907708202,1,0,0
59.72783905343753,162.08776300576093,14.551017825882873,0,0,0
17.17362310276774,29.864508005266025,5.422296369032763,5,1,1
66.45210223334043,162.30057689814294,14.312959979908674,0,0,0
57.97534431479009,185.72255617236286,6.0375100294356265,0,0,0
51.338686630235166,138.2091680456554,12.538818586345554,0,0,0
52.35878275823055,179.5452077016463,14.313951335400578,0,0,0
70.10063617828544,173.84637378003333,11.017130992626361,0,0,0
66.35754051469223,129.8581922816246,16.34807781181184,0,0,0
34.2877571658552,128.19223293973027,12.006954314849546,0,0,0
122.51829748529497,41.14276433386763,3.968348411136438,3,1,1
57.45299832954597,134.62485173169196,13.352933978667641,0,0,0
49.632721383006185,135.30431346623632,14.870159995213257,0,0,0
60.996897510546276,179.2449357858737,8.549851165781545,1,0,0
53.06987055483975,136.05935595367984,15.993910724867932,0,0,0
59.66678346518914,179.930387053198,18.90835423846822,0,0,0
73.64598497420944,153.10534076765225,9.780099741602626,0,0,0
47.853888686087885,130.82854943188613,16.15767363680004,0,0,0
77.2813622216466,206.31039843148469,19.454113485493394,0,0,0
52.00052589117006,176.15692853198476,15.940610961439523,0,0,0
61.37982519587666,192.94928714008694,10.789611865051473,0,0,0
51.31023211276,176.38916660060232,2.840942987467237,0,0,0
56.10412174510392,126.9614940524782,13.137247848212796,0,0,0
72.50729093746546,162.76351284358023,6.020674546166323,0,0,0
57.3238653867486,104.23073010363845,15.893970031379386,0,0,0
45.168024392705185,146.6016737224569,17.878025105741134,0,0,0
53.646944470735704,133.0078722101468,9.74516969045139,0,0,0
73.73602767500485,100.17602130007359,10.182887904060593,0,0,0
52.897852379161634,143.19327015931066,10.540038411255242,0,0,0
73.01926791412832,177.4509050648898,5.604860705024604,0,0,0
52.90398231863332,185.26047328600475,6.979733453010704,0,0,0
62.16875500861731,117.592889742606,0.5917227971174697,0,0,0
72.63421692265997,112.42868729591127,6.341148618517414,0,0,0
67.58174383023547,194.33942987018543,9.533537874578414,0,0,0
60.30950295814728,117.65944542827108,11.376260500923253,0,0,0
55.32640734625041,153.7069182711538,9.39230946674913,0,0,0
59.84375026976128,158.72171746096194,10.378742067648123,0,0,0
59.13334833911191,101.16108676264851,19.69748801259047,0,0,0
66.8262298023741,170.66882766580085,10.245269688278924,0,0,0
55.1402847677041,175.101864188792,11.481706479430855,0,0,0
21.26222891650853,16.90640111562383,21.743377340069667,3,1,1
66.27009163450704,159.47473666929082,6.815163010845815,0,0,0
49.1978894366472,138.29359991142277,18.918431326447255,0,0,0
30.054441177550085,89.21491866969187,11.924581371293344,0,0,0
69.32336800858711,113.13598604871251,8.757322031820229,0,0,0
46.04697956760802,178.68192120119565,11.437475018837084,1,0,0
55.33585331018,159.3099162461758,17.16675159837319,0,0,0
54.58351512658865,144.10071905003556,11.751081865037657,0,0,0
48.45301820351716,153.91563428723302,14.937840628447697,0,0,0
73.17422741101208,133.24840495217336,9.970255847334597,0,0,0
58.64035254448056,126.64844218749832,10.788893175761057,0,0,0
64.13566400443518,120.20045513560363,10.880269666074112,0,0,0
83.31942953643434,155.49367421006832,11.674593328279148,0,0,0
66.75656511253091,132.77128654491733,10.958514848805567,0,0,0
47.81175942331948,160.3422407410305,15.260363988155463,0,0,0
53.81326923813158,146.30610957166138,8.142824117558071,0,0,0
67.1171623999666,178.3375038122548,14.164040888930277,0,0,0
62.936137881631275,157.76561259786408,11.625443376208512,0,0,0
64.07284598423301,140.89424096767007,21.065011967777746,0,0,0
49.8292509484061,135.08171592626778,16.55982048633656,0,0,0
66.57853359629286,122.43774710851525,12.110910699800831,0,0,0
69.38870420069162,174.17999199354028,7.527320907785298,0,0,0
57.37079193684054,137.07895083817488,14.851918773564293,0,0,0
59.48542382936069,132.5664862741459,18.163923457304136,0,0,0
60.928033091626865,149.24772280527262,15.722418277420296,0,0,0
55.01928789689486,152.71507089175773,14.963711323469827,0,0,0
69.2598019622714,147.3739287133805,4.242625862258445,0,0,0
75.7995778007307,156.95894375018634,7.929253786261317,0,0,0
67.31978433474691,246.13618232673343,10.63268290381715,0,0,0
54.334185404654846,132.59840012513925,10.001956266930025,0,0,0
168.08476345299783,36.437917583225854,22.379990281184163,3,1,1
47.385410033942,176.6074285713389,8.855853743636207,0,0,0
21.0415156275145,113.64736501880381,14.007198526814836,0,0,0
7.848425374494125,398.39426898728436,3.7646457264912927,3,1,1
60.83438879564671,129.12446160808645,15.429859271683254,0,0,0
63.809386664056944,125.9478588082023,13.28322346612767,0,0,0
59.120563986048744,201.28206126757806,14.000312509100773,0,0,0
66.85121291454116,131.14069198360843,11.622704937718426,0,0,0
57.601614860713674,123.49826393292577,17.28977434004134,0,0,0
37.84094610501374,146.671056228674,8.212852008463704,0,0,0
57.547742267586294,112.90845006273872,11.788328904994446,0,0,0
64.88774081732434,156.60747773185986,12.904221498046425,0,0,0
81.31456539370149,71.50572665067911,17.254685489906834,0,0,0
6.107515488538947,425.6002484865959,1.8220185254299224,3,1,1
65.02157971188743,103.31522078025603,14.905075569052118,0,0,0
79.80306440895575,178.5875811241855,17.961761354769465,1,0,0
73.00290041733508,99.57886783087358,11.749055104987848,0,0,0
54.76100638142632,187.22682696865508,13.829988560904544,0,0,0
50.67546986487168,148.38115352375408,8.8554171778163,0,0,0
39.266970952862934,188.14710139618245,9.061114340591022,0,0,0
63.379598564831426,168.7180255662574,10.379035863135915,0,0,0
66.50011257083355,121.12034705603583,16.30360472361862,0,0,0
63.910690788222226,127.20535080118849,14.515538331490053,0,0,0
56.02370313867392,144.41491611009877,12.097216023476573,0,0,0
43.096005858825286,143.17075193700805,6.296260044280736,0,0,0
71.18429518746832,176.31905039742412,9.027334027038496,0,0,0
61.09088748836398,162.42615513819592,11.466418757296793,1,0,0
52.66224091251809,167.26959596251356,11.945318951700113,0,0,0
56.09934993034704,180.45401100210054,18.05059510471868,0,0,0
59.81293323483064,147.56198641757712,8.78236948144869,0,0,0
40.829530510047036,99.4072784947262,12.357749231346922,0,0,0
58.14284475216377,132.2164080969785,9.266980185975907,0,0,0
52.50559608866811,121.00436052577427,14.385496962641986,0,0,0
52.811818457545854,148.9535438473017,13.118310874376213,0,0,0
72.78990356454085,152.34004691485177,14.169664105639269,0,0,0
36.07876979865866,145.93660531864342,8.815623229984137,0,0,0
70.31854402117243,114.6428031340502,13.408699036847539,0,0,0
75.38782926858987,135.51915344773275,15.704373777159892,0,0,0
70.80127560691415,106.34536612461253,11.912845522560973,0,0,0
50.800737134594314,158.97813106691524,7.495433622892682,0,0,0
56.43728246471263,124.59765216090895,12.370204276315786,0,0,0
58.07017006272232,194.09932957662346,13.095803161053459,0,0,0
72.7555772166929,203.70172656551927,19.996575436851636,0,0,0
62.97368687505328,170.26239997767377,9.900394229520023,0,0,0
62.922917443424126,166.12296929902246,12.662823977190591,0,0,0
49.96146024286139,121.92562385216925,8.043422756354879,0,0,0
61.82565227796484,159.2259818557867,16.327831795099073,0,0,0
58.34723256789665,173.05295782961474,13.256768703469058,0,0,0
47.22398778532526,189.03817897439464,12.827122300885348,0,0,0
68.20940399965255,187.1835944595358,7.389850395505449,0,0,0
62.07584608155346,154.8283213331361,10.4737934065878,0,0,0
72.76006976114583,142.85966146335255,5.694823656358729,0,0,0
62.6243841921899,160.45931333736746,10.86876153761632,0,0,0
8.044861236804557,191.41916832715486,22.06465591214154,4,1,1
81.55754538956553,197.15070351710062,10.33090539942924,0,0,0
69.67284070658829,169.78518628373448,7.9733192855353385,0,0,0
17.27689992247868,458.2837956885498,0.4940341475668575,2,1,1
41.575526067232836,205.91745084948596,3.162393253781664,0,0,0
63.26758010276159,136.8936941566279,8.800569710816756,0,0,0
53.64280381785288,157.40632103534125,17.677071585094584,0,0,0
48.48507936880806,112.22914509182917,14.178927979557798,0,0,0
70.26530774459881,131.14989905064476,10.295193031797432,0,0,0
72.47272535273481,149.90418710727158,18.148100777174175,0,0,0
61.17268086683254,199.63665895759618,13.929532151357094,0,0,0
50.36250678396534,141.74242482345167,12.451156580995494,0,0,0
47.80823640423931,157.79667568022813,14.481015190363038,0,0,0
76.50206777321006,149.48797844018088,8.312641969753527,0,0,0
61.113700734064956,159.7485651528642,15.543401366561481,0,0,0
69.40980935907041,180.28355418795314,10.976628920682755,0,0,0
52.531430529192846,174.15331463945205,14.276766225965659,0,0,0
54.72219293495245,111.31963823719988,11.021195510313516,0,0,0
75.74936286530294,137.66098801348411,16.281179778557433,0,0,0
70.5163369473968,139.28537227636653,8.5381616592048,0,0,0
66.35275220191355,145.58604434537872,13.90933427325533,0,0,0
73.96113124502081,131.5576795765314,19.70259347214621,0,0,0
78.10757186911414,156.23430694081782,6.766636387423994,0,0,0
43.62632515980259,129.88896357540594,15.567271582340759,0,0,0
57.34984819023565,164.3790099242832,10.211637845081373,0,0,0
52.88234048815712,145.21936663556954,8.799539744923713,0,0,0
46.704899926837655,207.8025955894286,8.504319542168853,0,0,0
47.53730683482786,128.39794176904428,14.007327883746296,0,0,0
67.89907182520992,167.44614348326675,23.20915383319303,0,0,0
64.1085739322136,120.43694395134109,14.126514226891503,0,0,0
62.52382892310142,200.01243222930165,10.450967296259071,0,0,0
62.75203601099618,159.6350472105152,9.614451041813286,0,0,0
34.32966234348588,109.14964889966524,8.00345898339092,0,0,0
54.46092603991473,169.14871343740043,18.873890289412603,1,0,0
63.56652136340042,165.79847364357954,12.95888928477438,0,0,0
64.94057788807201,117.19187166138701,8.314890914511173,1,0,0
74.44692080741846,168.5941507139873,18.139944066388843,0,0,0
56.671005544285386,174.75049796574478,16.947791183197506,0,0,0
56.93451818297349,127.11485666918904,7.470714840821217,0,0,0
52.947907489382835,143.56130779529772,17.749769771341313,0,0,0
55.83254466128674,170.553343571027,8.320239525337538,0,0,0
46.272675972641125,115.66694184103996,8.45155912000227,0,0,0
47.36239755619174,200.48666902523217,8.716891964330607,0,0,0
69.19311628041906,152.73960701305796,12.80110023247499,0,0,0
72.8362223004871,95.52460977691678,3.921601354439968,0,0,0
52.73347387919441,165.64455101446228,11.436121136214041,0,0,0
58.19378109884247,157.66949933618213,10.845869372450432,0,0,0
54.45355213000396,118.96055041514887,14.894075341017393,0,0,0
64.56723483365461,194.81869647118182,14.177654096010581,0,0,0
56.96954090005617,202.30546020502715,9.91785270275041,0,0,0
68.18284857254035,143.94777397426444,11.77248637464496,0,0,0
60.219622532894576,144.07649893131284,10.645050150737399,0,0,0
66.06620050878429,171.73942077380582,10.17838029238541,0,0,0
174.03984143273144,37.958774604325754,22.65170424411552,4,1,1
74.84745981679526,130.27114301597112,11.3765770599818,0,0,0
54.09540924617467,190.01516121228258,10.696225513793381,0,0,0
42.1792892405677,125.41768850792022,14.587812875739113,0,0,0
65.36707860606855,155.59718562216776,19.630146874702397,0,0,0
46.05739893743379,155.68002836458874,14.694093574436973,0,0,0
65.59812521094806,166.7017334047456,10.778125520144908,0,0,0
47.898972318242876,144.8573083666065,6.5539677827502985,0,0,0
52.68221710058634,133.56370964582808,11.802609410602084,0,0,0
55.678622041299256,116.15039720871621,13.239286629847268,0,0,0
45.09116753868266,164.4205541104473,9.320892088154533,0,0,0
60.60348982828237,165.32623604041237,11.569010359909019,1,0,0
70.07746332974433,134.47928925294042,20.385962649227007,0,0,0
60.55920489030036,119.99054871510872,8.243335209015457,0,0,0
73.09429223238779,143.47870936352842,7.629887055325066,0,0,0
62.37108420006439,134.1481607276233,14.454896117023193,0,0,0
51.649477148515665,118.49544323550094,13.257787530220646,0,0,0
55.02508351246437,133.3548384393118,3.5009120445558235,0,0,0
58.75267078349617,139.42678569312042,16.874897827808695,0,0,0
66.40868996306968,131.9612399873212,12.339836646282915,0,0,0
60.75245993117296,142.08231013669027,13.46098265688569,0,0,0
58.42011529379006,141.37121823646407,6.644411914644009,0,0,0
86.97021448964796,146.92535426935044,11.67849637006265,0,0,0
92.67009108224303,186.12772034366162,20.154670309873538,0,0,0
51.12317889711385,139.24544454864974,10.31128214835089,0,0,0
80.60358363929342,152.9193890348835,6.264954216774184,0,0,0
39.20705075455377,146.2299788949857,16.153061634821107,0,0,0
60.44670710336222,217.06741721893522,7.0273768254717295,0,0,0
63.129008962125326,181.4158624690122,6.310416466341876,0,0,0
60.361398374475314,137.23123921694273,10.725327510315834,0,0,0
55.433403196363294,129.8640630262999,12.403724891107345,0,0,0
54.89957547172213,189.33573492519417,9.213117894024787,0,0,0
47.404433693939566,126.75417555546174,5.9332340242594,0,0,0
80.36931131698636,105.40874683139825,12.119663385490004,0,0,0
61.32559817878588,153.44330404578932,14.948599815248022,0,0,0
51.711991066812296,147.95177591872667,11.980827920385169,0,0,0
83.70799287028231,162.9570669985993,16.328979520308874,1,0,0
71.74121473321263,138.29515023292794,21.992966887659435,0,0,0
71.45039718491203,185.54495754062242,5.4371715501559095,0,0,0
48.31284196340323,161.17590983896184,16.12730483099201,0,0,0
78.1909837114866,143.55340883722,6.456770100868442,0,0,0
67.72685296116225,129.7587797354255,12.454704534130034,0,0,0
51.83353469357121,163.51374222046258,6.507105411643254,0,0,0
73.39075632309144,141.15964066462186,14.608293166231633,0,0,0
70.5530001116026,133.4775079944701,10.90760082494756,0,0,0
60.30068998309429,164.55097473602663,9.62979290654748,0,0,0
49.9262832749994,144.00797964845253,17.514052235739964,0,0,0
48.09485602003159,133.28109314994322,9.81565092314393,0,0,0
72.8935220670928,139.67270059000768,14.444951858966789,0,0,0
66.69274482455225,175.85758657857315,13.049744882708586,0,0,0
67.16280263393708,152.34982754767438,11.580074820441027,0,0,0
62.23611617575176,170.0618291540427,8.56540571214081,0,0,0
68.5886585464117,138.2461267191101,9.136912881681674,0,0,0
52.15197740273083,125.93576422231632,3.852057417872624,0,0,0
60.29421421069355,191.04817375866654,11.167421020480633,0,0,0
45.82972744694116,107.36913701612312,9.555961910415622,0,0,0
60.24418606873482,167.29328487798904,3.0062082043682175,0,0,0
69.26685860632624,155.57570421014069,14.867531973994113,1,0,0
82.15716102063621,154.36157603633833,11.75796813100952,0,0,0
75.78873105004743,97.18766096238667,10.658098176974908,0,0,0
61.794774750655584,147.80801980744812,17.01525060971973,0,0,0
215.14665480976177,7.967986173878504,23.179780079974787,2,1,1
46.809805296364644,126.87162061678798,10.642331275359194,0,0,0
57.62694194435062,87.98729478081957,14.33853889273609,1,0,0
67.69541293690301,131.80582190321078,8.98526771940942,0,0,0
2.5214452670085308,639.6112476817536,23.92474308332928,5,1,1
82.22681406976454,164.86969828794895,7.16950706089357,0,0,0
79.19957573539102,176.8621157805012,9.467334318014272,0,0,0
62.245445802061184,156.1770447355559,16.248246360636912,0,0,0
51.07372749055318,125.27823617029543,6.851442968251532,0,0,0
57.89187564099289,131.3102961346607,12.394521542899556,0,0,0
76.18952908925405,204.2145840905513,15.281042352129433,0,0,0
51.210764424912355,87.44456981752941,12.604945713145737,0,0,0
48.487604786841466,111.66433518340988,16.12534148150315,0,0,0
47.514423543829054,111.41742778227098,14.647364826668683,0,0,0
70.65263459298055,197.1281171139758,16.597123852162973,0,0,0
63.597275185617015,127.16788089339606,13.349134838943623,0,0,0
46.199427108356126,107.78237117289791,15.795850754601801,0,0,0
10.060845925945701,339.5004168935148,23.805079121618064,2,1,1
32.4149628587138,139.093963259674,16.75632433592944,0,0,0
15.344296297147038,19.049392171248037,1.6421149938198405,3,1,1
14.217159628713208,468.3847434899478,1.0189883338692312,3,1,1
65.96959877669207,145.89369697697092,16.63548028039893,0,0,0
51.27176529493946,108.307472151831,9.350600144297223,0,0,0
65.0922920267225,159.24460486923314,8.558060828373828,0,0,0
55.29458673806323,194.08168717972205,9.441421762964163,0,0,0
59.048505827617745,142.79065298898368,16.275804129616596,0,0,0
59.18873821032932,119.35066861751616,17.919716133448816,0,0,0
55.09432567728276,199.18161144919628,1.3669224746598516,0,0,0
58.89301522897589,120.27495114363063,13.747333310993044,0,0,0
70.9725462277412,143.43774654868918,22.142043098086702,0,0,0
71.2664229409636,173.2794708114057,15.717485467923826,0,0,0
48.494537849614076,146.4489717990903,14.127818961603154,0,0,0
53.19847888038886,172.44673944781636,18.92680370730566,0,0,0
58.69005704187157,129.6024598092017,7.071873376494483,0,0,0
18.0686544822203,24.56160927315211,3.0506331029418745,3,1,1
72.10552406604806,141.15750709317246,15.886495370347596,0,0,0
55.398904071540436,171.44211117035184,20.613360686304958,0,0,0
64.61511019516561,128.87733674854783,15.913694838963064,0,0,0
65.09443572312237,135.20052625491977,6.654425315240037,0,0,0
62.01979638329094,178.6879241989024,7.291445745754462,0,0,0
78.98149495530868,176.5317832076145,13.751363598790235,0,0,0
174.50695238037915,6.4046491969635095,2.855950309515144,2,1,1
64.72638170274851,155.75445941519064,19.028265392529164,0,0,0
54.69600516418557,172.2507322389453,12.147855130375477,0,0,0
142.8717515465991,20.667748704495327,23.424613632667207,2,1,1
52.809486990565155,101.88866897943434,16.76474823261166,0,0,0
68.22646320151884,157.93667854014015,19.743562799832816,0,0,0
38.99997909906379,161.47984371799623,0.020313474508395046,0,0,0
71.28635272466569,170.2664997456061,3.5986663049425136,0,0,0
93.87311663854746,146.3385747486137,13.336476529532067,0,0,0
55.2864162165671,140.17116611870622,13.443588384230294,0,0,0
58.45179656085226,137.0143949514189,7.388381740172929,0,0,0
52.06979743479588,184.45159144923798,8.228716035885693,0,0,0
56.9538378273773,197.29978468465328,12.187860916736579,0,0,0
49.404501166787995,115.546722610487,7.599777226568874,1,0,0
45.88366094066029,118.90210527979082,12.849754834418265,0,0,0
65.84622785316552,168.35271439004777,10.100521956152779,0,0,0
67.19300825239121,111.32951909566992,9.868311974749172,0,0,0
52.94812002856952,174.18696190110387,11.23942054881578,1,0,0
7.086265219347166,349.8162105095528,23.81894618692149,4,1,1
54.668068080385765,156.0465778678543,22.055181390413225,0,0,0
56.4736583257127,138.79269060897818,14.507548922157207,0,0,0
51.38345203771199,191.55197775256872,12.494561172732261,0,0,0
69.81405950146117,61.735495289824954,12.644772588804635,0,0,0
49.77556252191471,121.27405482040743,6.685904721820256,1,0,0
71.23079831039752,142.6305760630435,11.298892783925428,0,0,0
73.12604539619082,113.89730877342728,9.663076356513848,0,0,0
135.47503491323994,23.042063165129314,4.173915501941503,3,1,1
75.62088103983919,134.27251034494614,9.687739282255707,0,0,0
39.077000491676955,116.75696945147322,15.024551828555317,0,0,0
72.95535706089251,165.20694388995767,5.615659240674717,0,0,0
49.22636214229846,152.50246584804296,9.716234412414888,0,0,0
53.32472649935835,171.7716925604067,13.656758432186232,0,0,0
50.51922492464737,166.43069169672498,1.7663459617490123,0,0,0
58.81381302481862,133.0621261794897,16.969774638348483,0,0,0
71.55393961874782,187.1181136222629,13.40777156984798,0,0,0
64.40758343063219,182.83933610799974,10.487912027615078,0,0,0
62.21336312921385,139.0068701969773,10.190701444469841,0,0,0
66.34758629789874,177.83017075532507,15.142771602171926,0,0,0
64.69121701064098,108.47946166172736,9.06711497779594,0,0,0
61.20700558558212,205.18786888220745,12.402525549114193,0,0,0
62.01494040217453,103.1724238169747,7.8971726321527305,0,0,0
36.67138190905717,229.75615495132095,16.53529919291704,0,0,0
61.309412679760875,114.47718537117817,11.100291881063896,0,0,0
54.76403415002752,195.94641545327886,14.565963638956552,0,0,0
52.462704809501304,158.55906471698478,15.323777138795842,0,0,0
54.7752217012543,195.0861104256814,10.28749859473717,0,0,0
62.45539396369247,182.60376876672473,12.18003164494894,0,0,0
76.01676465091157,118.9270668675595,14.493239985027977,0,0,0
5.147979188052466,32.937387092749205,23.15064118125239,2,1,1
64.75507499469201,168.90056988520632,10.633684459898287,0,0,0
63.3764321806004,129.45454945804696,18.141059332460063,0,0,0
145.77008760926472,11.880016523514525,23.37194871255059,3,1,1
64.19203889046747,171.0978613856753,13.429244522820417,0,0,0
11.033466726159066,29.252338610245566,1.450200909262472,2,1,1
8.887085894051797,26.523334639266395,2.5481934301407305,3,1,1
62.10496994513062,134.21001146938116,13.606174777295658,0,0,0
9.064311423157273,498.31016289143906,22.409962384280725,3,1,1
68.77117850672538,175.80021254701194,21.020139658949795,0,0,0
53.14795364052151,150.86806038844404,17.32788950877243,0,0,0
48.52614718081695,154.30958995694087,14.024291568608918,0,0,0
57.6752159838102,175.51425972698905,14.56334413901098,0,0,0
57.75115434010098,164.76730472915935,11.266656544236916,0,0,0
71.3116121184824,176.72467330509107,10.558623215283736,0,0,0
49.39668431199052,158.88699497123287,5.335577540257985,0,0,0
55.0364214435646,136.80387441329395,4.189369360326245,0,0,0
50.14132179247233,133.20760234657627,10.666308980769596,0,0,0
43.56189739323727,185.44921568359783,11.303879752691355,0,0,0
82.30508107911328,107.9287335485883,12.695528381770764,0,0,0
149.51205111120944,529.4351653244773,23.35228792188646,3,1,1
54.178931963865686,118.88274630906575,16.697162823572842,0,0,0
160.7119468669742,301.97105457162655,2.5295228716961455,5,1,1
53.06713591412131,181.52588339682904,13.953903975069354,0,0,0
52.259696273764526,183.48266991814123,6.319421672654066,0,0,0
16.508754623595138,5.92636964961838,0.5295829865674042,2,1,1
8.155132388008791,547.7437117341792,0.7683457018061759,2,1,1
54.31987468447108,107.12571224203546,12.813202058274651,0,0,0
60.11069372413956,109.71437129153188,15.517793770015535,0,0,0
74.42486959004997,131.07710944795508,13.148229667955526,0,0,0
63.234925453596446,180.24922118260434,21.89158771871023,0,0,0
62.19098563723201,180.28545572027014,12.01865303225558,0,0,0
52.96222732280405,120.41774280844706,4.75975927777027,1,0,0
63.017574261527606,142.70698636834354,13.415505505300418,0,0,0
58.28485669183985,165.42536665538316,15.272155536153289,0,0,0
62.1618154695016,177.28077891809295,13.732807173017532,0,0,0
67.80061386317406,142.79763436235578,9.173739235399633,0,0,0
76.37887996224023,163.38014969941742,11.518860067161773,0,0,0
45.073672219550446,144.66584827752854,13.88144281918833,0,0,0
38.68457299758676,114.54874224569929,15.601739182514256,0,0,0
74.99365275059141,150.92077568784833,19.37637828990373,0,0,0
70.59363843477294,156.71588643984776,8.053321363938629,1,0,0
45.797508460772335,150.40503096659404,10.563484624925374,0,0,0
5.581962112838619,652.4219093592118,23.818564968968882,3,1,1
47.827613273756285,125.92294488321775,11.780878677391957,0,0,0
55.648699783780906,126.27228481395841,11.945672556539774,0,0,0
9.790944827473842,28.725443905646593,2.3577217689940415,2,1,1
10.917874503713612,25.66814348425102,22.90662018770776,3,1,1
68.67851085651702,145.10706070232345,17.16042287767793,0,0,0
60.82076815653529,141.6688270291147,21.069022745185798,1,0,0
50.78804699620486,202.78296524002786,4.5752139023502485,0,0,0
60.340728401193886,145.07525372326523,19.71560751286351,0,0,0
71.27312929861013,221.49827272818112,11.874392023562324,0,0,0
12.32362982776269,547.0511980825835,2.1781909776478274,2,1,1
59.552653490341186,119.49531626051916,12.78014114855509,0,0,0
55.69128705878145,102.57762315796866,11.119055230541724,0,0,0
69.07816416674368,180.6909780147503,8.976280794191979,0,0,0
60.17819197747562,161.51988792349965,13.789146218345046,0,0,0
66.64421358992078,151.1811268705067,10.907020677459531,0,0,0
64.39887562315164,164.98394564014882,7.462722144783741,0,0,0
64.62362391711055,163.748529579405,14.08171094093526,0,0,0
78.10133994456554,120.60046225493286,7.57576035629036,0,0,0
55.85222519850817,128.14534958056043,9.634130504865253,0,0,0
71.59157068309293,136.08879332362756,13.410604108012494,0,0,0
64.91683184816215,150.4324066605983,14.679823516825536,0,0,0
62.61231174950766,94.78112888602566,14.691012674864524,0,0,0
15.675991681578461,15.042845051868877,4.282016237657573,5,1,1
59.41102280455977,189.33720136505875,10.371586750431927,0,0,0
62.6425102243329,162.40029886925777,14.204038373468943,0,0,0
57.610817367334725,179.41342806357827,10.031770038739102,0,0,0
72.30864372465776,156.50550295781602,15.834031876549252,0,0,0
5.987354510245936,469.91552841507547,4.029187404982647,2,1,1
41.10893302039861,179.2221256486168,12.689354244417771,0,0,0
45.441149152527096,143.75858956493062,13.298825813507522,0,0,0
64.99637713643956,153.68147425860724,11.690342650877268,0,0,0
61.75816327812513,95.71460358071498,11.406423737241283,0,0,0
60.36264057084935,177.19569902751445,14.777406785393488,0,0,0
61.66667921979333,133.44808724709145,15.407157461603681,0,0,0
47.011354147146946,123.31211566343279,9.774805737743357,0,0,0
9.55013595619681,13.760751545511562,23.167333526969077,3,1,1
53.029492306875675,166.9454198998045,17.222825552993847,0,0,0
63.04652870134895,163.63492962509602,12.843671743873497,0,0,0
63.68418263131905,125.8710045525973,16.466402094332345,0,0,0
62.300557854033244,129.67844786686715,15.645167158137934,0,0,0
68.43029585668283,125.71970048404623,13.02552340798004,0,0,0
54.92143052210507,168.872722535023,2.7830310587277935,0,0,0
58.69390789629496,120.7954611240289,10.253250419478634,0,0,0
76.5864963815497,145.78725615533813,14.7136127131014,0,0,0
58.78653837508208,193.83141081129787,14.859200941367764,0,0,0
39.059499460421705,129.74025179119184,11.755799884767818,0,0,0
52.9706795329098,108.38867078813317,16.06629868927989,0,0,0
44.5654854186903,154.29736009940194,15.04565076938381,0,0,0
55.95700729781595,126.02169068422728,12.32243869289909,0,0,0
51.74714135033721,150.76861780074586,13.707604317988471,0,0,0
53.64702087040141,153.1750492469959,13.237028718476317,0,0,0
46.56160667845646,190.18090273826192,8.58804412907926,0,0,0
66.4785123193212,137.34287527892727,12.826000783375054,0,0,0
73.32362401421041,160.27443004912706,9.903732141446735,0,0,0
73.81068517291504,132.21193199348582,14.987252846932254,0,0,0
63.75167380569127,157.76197012012233,9.404160945406892,0,0,0
61.91049387472,154.24805307421738,12.130565485001492,0,0,0
54.12564168581341,151.48034402093765,13.291972075981466,0,0,0
65.00548333650276,171.7166760896899,10.07677998398471,0,0,0
67.82532891545722,110.24050001511256,14.11411104572924,0,0,0
55.39675045954474,185.42620749337266,10.927204421470515,0,0,0
54.13172010306885,119.03512201345953,14.837887964662098,0,0,0
42.256284363289836,156.09936465532192,7.59406866410807,0,0,0
78.58689002079103,189.6125470645045,17.864137965782163,0,0,0
67.6044077097437,83.95076369895645,1.8776261851782152,0,0,0
69.21425464212913,127.32821958735452,10.296440714348023,0,0,0
74.74706501386439,190.0015288726821,14.587578040720782,0,0,0
73.76396583199991,155.45046619397039,12.06135686637446,1,0,0
67.30305407725282,214.11708169345286,13.381486122414193,0,0,0
8.930701869066707,23.703093511034467,22.16677070055874,3,1,1
53.77302228974541,201.84307118172654,11.488057010755515,0,0,0
50.70081174024479,140.0517454802542,17.5016079737048,0,0,0
54.03983521077062,114.05578834823089,16.50131834267192,0,0,0
57.87533078007167,107.11666915300727,7.711689003093472,0,0,0
65.5492043545541,134.4349383521885,12.545632906006492,0,0,0
67.48277151047449,115.556505805343,10.34264427736543,0,0,0
61.8026436470349,233.3038267386658,11.804521083771583,0,0,0
71.6060561226338,168.2128969230563,12.797735650940469,0,0,0
52.93973565073787,165.35089263479796,14.539023390201159,0,0,0
56.51932853455871,167.96118682449952,16.667198837787637,0,0,0
49.68933485851187,167.42596534603038,10.395037718064499,0,0,0
73.66222837499326,143.57187204816904,17.139417449535813,0,0,0
53.97177276936788,138.07900822512943,17.229480663400075,0,0,0
55.14797741806739,162.1158413359185,13.215056747966711,0,0,0
59.58511598727508,176.75281364506105,15.950621221512828,0,0,0
70.95134533627363,184.58824195740704,5.949096328416752,0,0,0
158.9217869119868,566.961825981573,23.475150312216694,4,1,1
82.11072683262609,136.9234680716255,14.903393474444002,0,0,0
59.439078763896816,141.66754905011024,12.717338840188233,0,0,0
43.67000094005472,182.29278723927723,3.080318928457203,1,0,0
58.367649695899956,188.30204821764625,9.406140467983688,0,0,0
53.072655785934735,112.95425404565448,7.544825123522765,0,0,0
56.508541039745886,184.3137417176868,13.422540629600325,0,0,0
66.30995332909481,114.37250506748427,11.383068954222274,0,0,0
66.96255584127903,119.27280274850924,9.301121523830334,0,0,0
72.91664168631458,126.28739248142631,15.040179844379315,0,0,0
45.64894799680834,180.52119654387346,6.915720839800748,0,0,0
48.593735449883724,129.0225385556558,7.3723015861637435,0,0,0
69.87373691175762,172.03324860079704,12.78227536803248,0,0,0
65.2589116531108,96.29120221476785,14.453173333132014,0,0,0
48.87436906904926,218.33391876919194,14.845643801870516,0,0,0
57.49529621065148,124.92267692170844,6.862711530203661,0,0,0
55.66781251945756,176.8135349476471,6.372027626010262,0,0,0
38.51761911571992,173.47854208553233,10.314386933007718,1,0,0
74.91959624669292,158.26343026887503,12.416332020598505,0,0,0
171.7589196990286,372.3413629640846,4.668391712459085,2,1,1
57.347415923373575,174.07711629379537,15.86119419166415,0,0,0
58.69830275140399,214.75851690839502,4.194537445747367,0,0,0
3.5349998428894747,496.82211781658503,23.294353156434223,5,1,1
73.51471551608576,141.76306870111293,10.084585641010175,0,0,0
62.6629536331221,186.88549569699614,8.018700681759237,0,0,0
38.23388024551457,165.0473097921983,8.979223776057326,0,0,0
57.5606882684642,158.9882572342309,16.729686424699324,0,0,0
41.12132006439517,179.04595289252842,16.00887555378859,0,0,0
59.06858897087442,84.9086484104582,14.412279763246401,0,0,0
56.70373218783657,134.4460067041756,14.63454819198885,0,0,0
60.924100672391624,139.3273195006501,14.191372691942753,0,0,0
64.97436281284585,152.00957899416483,16.216989756423896,1,0,0
69.49044055508001,142.46589376522547,17.171958017106164,0,0,0
58.59428208074318,149.24126826974464,20.946490289350912,0,0,0
42.11619788373517,168.48136298203332,10.852110283785425,0,0,0
58.83094039864175,113.8382900079479,15.834664308609005,0,0,0
45.659932435673426,200.0601352401801,10.457198782934872,0,0,0
56.658157904908805,182.52936744323512,15.204392970723159,0,0,0
76.56271408526997,163.17244396516267,9.665377660878612,0,0,0
64.89812109828128,86.88378810337989,17.997875620467685,0,0,0
60.512314613353375,118.58229492056014,2.991886056267436,0,0,0
53.048241491372075,163.76745462822083,15.360664583125088,0,0,0
70.30988581779164,73.95951165599573,11.348269885729787,0,0,0
69.60160237202024,184.67553400831065,11.215634144307677,0,0,0
66.05532388307877,121.11128581902817,9.19829523438133,0,0,0
63.276009169247885,109.47071004722021,18.924071815884098,0,0,0
71.48740705064525,184.54346120122014,11.454844279491592,0,0,0
45.43722864614146,228.16175394657546,12.968926567743251,0,0,0
63.02719825112438,114.98872225757432,16.657066401801682,0,0,0
63.12710064385615,188.89145564844512,12.472329310599878,0,0,0
60.320795721855326,147.83738637681282,11.010899882544253,0,0,0
62.62577433130106,168.70597920291834,16.149190272036797,0,0,0
50.417864515176085,166.60126638908918,3.2951036851706768,0,0,0
60.91935142011633,141.5570948801369,9.50188437121437,0,0,0
63.147534604407774,135.4156660495161,17.794901560723524,0,0,0
57.44135921412499,154.162154948197,18.531229177796316,0,0,0
54.37002237934565,151.5261384460947,15.083187572938519,0,0,0
75.72587879227449,122.96591948865012,12.739098845628298,0,0,0
57.04359866124554,181.0567967260773,12.421315089077279,0,0,0
46.46945750473222,162.1087450308548,14.685857100498973,0,0,0
58.044937485506175,169.3431944666957,18.547357300426953,1,0,0
67.97491511269993,154.86999444516593,19.784509540128518,0,0,0
61.77283261119055,132.82170524226714,10.155502644806623,0,0,0
63.41298783382632,159.3290929192032,8.65749671417996,0,0,0
66.59081126694018,144.72019675776815,17.090648288723372,1,0,0
1.7587893084719042,27.844340561418562,2.4795836700164458,4,1,1
57.244726940130555,137.37500646081577,18.11540697266564,0,0,0
50.765157448257476,191.24914366221728,13.992933977302924,0,0,0
80.25433180648008,150.49806665167,14.905073950489445,0,0,0
70.19887295793816,174.0940433213556,9.793721604707628,0,0,0
49.908936829385475,182.70902257856395,7.961842346974333,1,0,0
61.89739996952788,133.9532646793207,10.262937737817557,0,0,0
65.94287786764168,162.52662138637822,6.704148752929576,0,0,0
45.604239847420075,141.45232910219076,10.781817901829045,1,0,0
52.15221065213274,171.1154702524826,14.261583768444783,0,0,0
42.37611032631783,113.45459633361591,5.390786193446444,0,0,0
49.15513870620195,164.91808815317353,10.862795139827517,0,0,0
54.36171335648629,126.51765064825597,4.17064936774201,0,0,0
63.32430466720975,199.01212804531076,11.353137939574989,0,0,0
36.75895674894132,197.52794756489246,7.817403891347855,0,0,0
35.64841504109561,109.81361961420268,13.048206044123468,0,0,0
76.96887794308597,160.00049827715543,13.56207923696418,0,0,0
71.22045367196989,156.66068353692793,14.744878590691016,0,0,0
45.15969881936249,150.77590128569864,16.26525770663938,0,0,0
55.53086044302747,111.09275339628593,3.389243539353025,0,0,0
51.11432234973318,128.53474122168544,9.018820466757107,0,0,0
64.66835338093965,141.81956157079577,15.00720412705757,0,0,0
56.32257875010651,155.67263027361506,20.242423601678176,0,0,0
49.91515928311227,120.58294195909882,8.303906571406362,0,0,0
55.039375224824234,166.64519911398472,2.2868843259526823,0,0,0
52.671887755287784,186.98377167962036,14.196590318400007,0,0,0
9.610564352264678,431.90702280463523,23.158680151728465,5,1,1
55.864625712475515,166.35624039156926,9.92485131142365,0,0,0
62.82589605537835,108.12715132617456,7.519504551544571,0,0,0
148.7554109293305,514.4481897965757,3.4887668836716506,3,1,1
56.76527186570564,180.5885754429664,10.521524662332428,0,0,0
54.987343787365056,116.1200138484702,16.02006267271019,0,0,0
63.45867695022813,129.12955071262087,7.106123571236879,0,0,0
62.73018821788288,84.72730231542212,15.664210447556746,0,0,0
78.05909115256318,164.96858073199132,10.890147862778043,0,0,0
51.64436683649796,151.5778801775085,15.274284267411629,0,0,0
53.71059233830664,90.02129240337499,6.334846718561992,0,0,0
151.5522348263279,683.5799459744889,3.134932833293619,4,1,1
67.36748017528629,154.1943810562155,13.353950140958373,0,0,0
58.52725069547686,156.9437446344093,14.705071249568798,1,0,0
56.966779367912245,123.90928975975609,3.577964497817719,0,0,0
53.72858853292931,191.39684570325332,13.338004068946736,0,0,0
53.917567398585824,135.99961342822294,16.800101464719383,0,0,0
56.865371848699496,111.13486777429071,16.661635621114563,0,0,0
42.489399804595905,181.9880758372189,20.70111632809747,0,0,0
53.07442145662624,139.84567143801087,13.194247600758935,0,0,0
78.4043410316936,198.99854861423188,14.264144976474242,1,0,0
61.60232629478106,107.00863563705829,12.89252353338963,0,0,0
47.07653420957018,163.22944397922413,6.716314389894052,0,0,0
58.88039591321984,139.44725753316249,4.939017279768364,0,0,0
86.32351553201367,132.90433428797803,15.43318332374788,0,0,0
157.81009560395964,28.871406098826615,3.074281633914125,5,1,1
57.44755269215763,100.79651741485714,8.8430158339645,0,0,0
158.93624668630827,21.706574472663906,2.6290207382992667,2,1,1
68.57136511844955,70.08071728429293,6.540121726977306,0,0,0
67.5890769123534,172.62286424804702,13.879415012551938,0,0,0
85.97530572489887,140.26539456254554,13.008387958337208,0,0,0
65.68976981696645,137.05387630004134,13.150910590426815,0,0,0
121.14787423644029,697.5298934188472,1.8619627965555725,3,1,1
60.0684624268643,157.8748835187291,11.087370656573588,0,0,0
122.66430535116712,18.393174056054995,2.911092332933371,2,1,1
65.05802662436012,167.32899389462432,17.377836842518946,0,0,0
63.44217505791449,175.91942724411717,5.654603677106819,0,0,0
67.41142848208756,130.55254908768802,10.100388379169438,0,0,0
62.944744737655775,134.40708880052478,12.289771949531202,0,0,0
59.153919091474336,149.9854566129266,15.545532303962109,0,0,0
48.78516016692116,193.88193468499884,13.661503995462153,0,0,0
44.65665835926484,164.16174788984353,13.975645073606007,0,0,0
58.38957758835067,110.76941080148717,11.189787692735177,0,0,0
54.76056407032932,172.58034562868775,15.452453877411601,0,0,0
181.80137642194185,558.4813185875641,1.2757379119310173,4,1,1
60.843306468350335,111.1827733128429,4.618447029696085,1,0,0
55.5660234604715,109.03895310941272,13.541714010191283,0,0,0
47.95630509222907,128.55738487928892,14.22312523644764,0,0,0
49.276631186513,168.02243971007414,12.296137676333073,0,0,0
55.86641112774672,145.98422768000583,15.986997560768655,0,0,0
45.48600159388725,188.7558979281195,9.466517117081143,0,0,0
135.6590535732048,19.368367969005703,22.784871221543504,3,1,1
49.98421848983985,174.87305212106756,6.868418828750272,0,0,0
65.41481354789916,189.70092404193872,7.692793746009043,0,0,0
110.59030720504525,371.13663372526605,4.025527306683365,2,1,1
73.8783790276379,147.55207210429285,12.698495351620327,0,0,0
77.54623678083708,145.45634774887327,15.78712775119466,0,0,0
74.19453292818808,174.66112841376994,9.747557098188109,0,0,0
53.73314261002104,112.64639649085626,6.358113110190383,0,0,0
71.80591799849523,163.90149695402633,10.565886889729516,0,0,0
56.61971489660701,162.73873380524674,7.317721433705881,0,0,0
44.08892530323132,146.81248964352937,15.674101193559526,0,0,0
151.827329970181,37.82846620506135,20.927440184774703,3,1,1
67.85377610459803,131.50291353836255,15.828220292197752,0,0,0
70.4548559448788,164.4966241279533,13.202282486252752,1,0,0
67.00218599057663,165.26970131084894,8.172119103382807,0,0,0
44.16349380831672,165.42279924390388,12.915560041579877,0,0,0
55.478225720379996,155.89163739321776,11.625824848172156,0,0,0
50.31817691898262,136.7325830124647,10.33104123512155,0,0,0
75.69047364603588,129.78817985378515,3.3205690474877425,0,0,0
58.12320338094433,171.34472197649262,17.98650603777196,0,0,0
81.51243460874228,153.05401411393967,13.943014638030462,0,0,0
47.02964774390602,154.07099759284085,11.454809875802905,0,0,0
58.38695590070734,168.7069088656707,9.660499079107407,0,0,0
43.8228260078374,210.8304472678829,8.30976143223348,0,0,0
62.85531211139481,194.66170152444343,8.914585161709862,1,0,0
71.79381438183822,146.79345896571394,8.598000480832118,0,0,0
51.520601586213346,146.73971814052112,13.776942487779781,0,0,0
74.55870294568074,173.33939849909416,12.617271603812888,0,0,0
52.12708357404067,181.4418616793652,12.113817739412628,0,0,0
34.66751837239616,152.45928336964926,10.817906135527672,0,0,0
56.685978137778484,199.68823146030772,13.837500792538139,0,0,0
61.73842830900563,125.70401138130624,14.047905057374678,0,0,0
57.62756172495383,179.6880534747665,15.682084581089144,0,0,0
45.98338489496049,134.05288152641464,14.415472955141725,0,0,0
69.56795485015674,127.73113321591738,11.089894878535711,0,0,0
84.98274342508648,156.5033384230164,14.443933273990575,0,0,0
54.7508718675914,163.19177019144433,9.775299669686362,0,0,0
52.19010376881347,168.5892685773398,8.915036965744733,0,0,0
12.68487223803773,17.261063112387465,3.289264568249891,5,1,1
54.04758122842012,197.93662289096153,12.184733063647759,0,0,0
62.90602834189092,129.9865480175223,11.605269326413524,0,0,0
56.58605054989966,155.33964189482722,11.097065523764094,0,0,0
48.11989793657505,192.17168550131697,16.268917208245746,0,0,0
42.661836098643526,171.90241329629274,14.588536152467299,0,0,0
56.931411469610296,169.24391842780062,18.181523215076567,0,0,0
62.52365161657646,158.75254571504047,16.981624243331574,0,0,0
84.15951374109741,135.98953468381367,13.809262658559192,0,0,0
70.69743517579198,158.95266530466859,11.635197733843006,0,0,0
58.635113845358966,169.66814189149983,13.517843823320979,0,0,0
53.311082144398135,185.31639315386312,6.855784925141025,0,0,0
57.6924158126728,156.0541913415078,22.201760801243083,0,0,0
56.93195278483233,158.47941574048298,15.590223900013441,0,0,0
46.57928597650264,127.74545932598807,5.933593326461036,0,0,0
51.11780197947675,160.21121194796496,9.569293177277817,0,0,0
60.66966291658547,124.80291351558232,14.240066040404631,0,0,0
89.34549245828258,115.22638467683547,12.122271106891,0,0,0
44.729523609721994,162.8872543710668,11.110695992559647,0,0,0
50.29745165851219,164.23441276575807,5.2061818567380875,0,0,0
60.74829194804634,153.31289888750297,12.280737884023543,0,0,0
81.13250692081502,174.84632809465495,12.292087905750133,0,0,0
54.10262301718737,168.93521307847692,15.473566013948108,0,0,0
82.43731904094247,137.272936309741,12.347682421937252,0,0,0
74.23324782408119,122.62579305465766,8.856197611548188,0,0,0
71.0162281234261,149.06665038188987,8.7801991493231,0,0,0
37.74810258996439,159.8283499387134,8.034899845054138,1,0,0
129.33243259912973,13.164697736589803,2.974325138823541,3,1,1
69.8974001947613,143.28478149370108,5.93685954024808,0,0,0
70.85916115742243,133.9840823046343,13.013098736637657,0,0,0
58.355445749101904,138.65071357440033,12.801383824748127,0,0,0
62.30043213750136,145.6380707990182,17.028064829469724,1,0,0
56.348501156412524,136.52406016606886,9.859634746591283,0,0,0
79.95377081487013,113.18689011654978,20.194851868466117,0,0,0
60.499473706824816,168.90715201758312,1.2051772596755619,0,0,0
58.12067746322045,156.0742473046362,18.94186252900927,0,0,0
53.15599891605691,123.90050693150715,9.906661333971543,0,0,0
62.1581837791795,153.36618398632154,10.322921907146293,0,0,0
50.64166759606104,121.41451359882157,12.908569273029995,0,0,0
66.70597612428739,171.95888162979554,10.754868699488522,1,0,0
65.11631043342683,132.77242053071205,16.22215108098556,0,0,0
64.32394392882088,166.81639807750895,16.272196807629335,0,0,0
62.887283888850156,164.86818987117934,15.128020127451446,0,0,0
66.27797895214168,188.04625524126268,12.82310021140641,1,0,0
64.40743260846475,95.59010202632024,7.300869812417525,0,0,0
60.11438578686107,171.6166167992977,6.23526822896357,0,0,0
67.23490917781126,89.96656757202334,11.349134293976691,0,0,0
59.78792414288578,178.8977622053868,13.124711098211812,0,0,0
45.552674616119845,123.52175998407955,14.138457187883962,0,0,0
52.42604914367334,186.02180815609964,20.005211920525525,0,0,0
60.97679154718661,128.0618879272198,15.580307822640235,0,0,0
58.14701425154173,156.24160417996168,11.291941582076902,0,0,0
57.55638256643668,137.96522502827824,16.212791046880632,0,0,0
62.26268232155989,84.03982391553998,8.692183985305402,0,0,0
65.23350431098233,125.67161278100379,17.61152225450365,0,0,0
61.13672070887949,204.6388658308986,10.24106437201003,0,0,0
72.56947826078351,131.68807119489225,12.15078073819584,0,0,0
59.46420558347032,164.23130667347846,13.666668482273629,0,0,0
64.61996291262732,145.70266838905138,14.591729739099076,1,0,0
63.53054871732189,136.30813208358362,13.212295329405507,0,0,0
69.76824708586943,159.72269722799967,13.400766329804998,0,0,0
60.70250686319443,189.00561411941754,15.091301250979877,0,0,0
66.03457881655174,177.95253254465175,16.83461217090637,0,0,0
70.03957682538281,145.99530734750368,6.673234940916808,0,0,0
70.92450728239535,133.35896495225944,12.1384830253902,0,0,0
55.57935607391525,120.62774567001108,21.47600984041768,0,0,0
66.19855770580777,137.01342113070734,19.156093739429878,0,0,0
59.35106613634042,134.3340086469121,17.560960797932747,0,0,0
76.28660083960514,160.34504217052157,4.571893538722503,0,0,0
66.850675355667,185.54545360131368,11.281694487021428,0,0,0
61.76684322983246,160.94589856584824,9.582973139102362,0,0,0
55.65496943925556,133.85469078940238,15.78618139483783,0,0,0
52.16429979934313,136.40047242860336,3.8896753268914512,0,0,0
62.13413841163768,169.03102885546411,18.68059470060237,0,0,0
63.485294544796346,84.9963314728396,11.053788283577225,0,0,0
73.25465525864998,144.40374985054615,13.376717231387849,0,0,0
54.70639221521162,169.08473747383005,9.88902076869294,0,0,0
68.28154290006411,178.07567541487072,16.522505840282378,0,0,0
56.87427579479609,210.70766593672582,11.16509663185825,0,0,0
14.556971271810507,460.6666825937173,3.127300643464414,5,1,1
123.35463557313147,572.3740125451833,4.144802811225899,4,1,1
83.21586474823793,169.091926101728,5.832526613899902,0,0,0
0.051678708649516736,453.44283981450565,22.8178108515026,5,1,1
51.51053173505129,137.39934375420043,13.326833898400903,0,0,0
73.80056640666766,151.45968197184797,13.390316627585404,1,0,0
64.68924369560523,115.5189689609414,9.377697516144265,0,0,0
54.18657250496568,168.1853387437393,13.891367550702002,0,0,0
55.231765980585436,139.0677332344329,9.710443952278856,0,0,0
50.507159537011574,167.4410351905335,8.086778765815644,0,0,0
65.45192998080904,109.99646585250377,12.409230356904187,0,0,0
50.30335770007617,102.58608745829085,3.978970789391129,0,0,0
46.432142591145265,149.74890619637097,10.906971736251077,0,0,0
54.2962529171482,106.56332920200302,13.942483723227713,0,0,0
61.486086628727705,150.94336835889098,7.717568258625939,0,0,0
65.87900037462614,142.14075281684163,16.245153677085238,0,0,0
53.717488318165834,146.101596237666,12.773728305139644,0,0,0
78.35773800363711,174.67881239907166,17.19203064634348,0,0,0
48.79574170737137,141.46021711722776,17.18203845174949,0,0,0
67.00231233315262,185.7485987422034,11.188762848219852,0,0,0
60.44240901145149,203.63842661183844,9.184438880356508,1,0,0
57.82260474409557,194.3382143484274,9.892873218625345,0,0,0
66.74818214686344,163.07596567436357,9.562039091232904,0,0,0
49.35874727607718,107.98780692306511,12.737519421377785,0,0,0
73.41711185282045,109.14264702195504,17.972885432552996,0,0,0
9.80718341175774,690.4168695908388,2.4632103356365462,4,1,1
167.18625194204645,472.4804572275328,2.7530111613927413,2,1,1
60.277533132789266,113.01381800504097,10.764327879633447,0,0,0
50.536461186558114,183.6221463627241,14.65042329470623,0,0,0
66.6232492764874,180.58572691608273,10.896188816404115,0,0,0
47.5428018280096,125.06887168371509,12.133548240764846,0,0,0
48.086613075430066,122.4358180775717,11.735106131496133,0,0,0
61.56562962308994,138.21267548480404,9.512447036356825,0,0,0
58.36893831407936,200.18872585196698,4.261326133559458,0,0,0
98.2998564401448,173.2791245520661,12.441960059183108,0,0,0
60.683639583474225,151.8599488221782,15.770339553715095,0,0,0
66.67553915070289,180.84082738726528,18.03633990190726,0,0,0
42.852997287617605,156.5769136145181,7.523185448888079,0,0,0
46.65573858445658,101.75882329700732,13.31698299160315,0,0,0
65.739495245457,144.16955491052147,0.04444840619228074,0,0,0
67.71666644178747,135.61473999670292,11.91394940509083,0,0,0
69.10369468148632,155.03177960074925,9.879864172043025,0,0,0
49.69068108762272,186.9110455432967,15.0021072804575,0,0,0
57.17541232669868,122.1749863917268,9.747337996451618,0,0,0
69.03585591498044,160.888614313454,11.878679851751867,0,0,0
62.934862309769954,185.94487753935414,19.17571180797128,0,0,0
55.07361254177387,144.33492744729324,12.667741941945737,0,0,0
68.83836708592194,149.52583614194043,14.46915471071251,0,0,0
9.828764284798453,549.2763397658322,2.532674758393444,3,1,1
43.887644078348345,146.22323305678717,16.755749659801587,0,0,0
47.431359100758655,165.36912618661867,12.200450555761169,0,0,0
62.30091794955576,204.30401818539673,12.975626048807051,0,0,0
43.70772043738528,159.92597695666342,9.623501598140134,0,0,0
3.9234845657702984,33.90391153577202,23.08402601307945,3,1,1
67.97144355054911,124.7582872168694,7.4169905948685475,0,0,0
8.755500784188232,627.0619470761801,3.156396235317905,2,1,1
63.2140341345568,121.80822957112929,11.850751216046238,0,0,0
61.3362268451301,141.28909544363094,10.741319967558479,0,0,0
41.82351600413264,172.1198685270577,13.19537747560192,0,0,0
57.1581511840135,136.6355047032065,12.817652011604755,0,0,0
61.23654930719351,159.105972838322,13.423811875030678,1,0,0
56.674745677819054,153.7264282720879,10.366145571134785,0,0,0
55.1786107406078,149.3195509757514,16.84090945812258,0,0,0
74.21005435068554,126.48816977429894,3.7101952555426347,0,0,0
140.5380380125569,16.661660397688212,3.748618148460306,5,1,1
184.78938751821153,37.837763810490145,1.372804332296635,2,1,1
38.96584981729541,139.45185454044883,16.182087066764637,0,0,0
52.69539241178144,139.737860416885,7.584018548997532,0,0,0
58.35143152110683,160.0201464062713,18.592207642825585,0,0,0
62.43612808586281,121.3955441183873,14.671405681256976,0,0,0
12.319814801179097,23.74195609394216,0.28330784084991834,2,1,1
57.82892829941339,131.66253392083286,11.890967762333641,0,0,0
56.47523479710539,135.78076818025102,7.919543756349472,0,0,0
73.75395160452645,160.51325966743417,10.359805405965465,0,0,0
54.922483370577915,170.61931637240428,12.895124599897906,0,0,0
67.71679648448715,161.46054401977463,10.256407577632178,0,0,0
78.65372261361509,158.3062266700851,3.0466798489429188,0,0,0
75.20665547984788,229.0496563334496,12.05783604127949,0,0,0
57.25342051312771,116.38692177535756,12.587333027379971,0,0,0
58.27975357243229,153.07288824310413,11.393955104236836,0,0,0
54.520062104183864,170.6417278364883,8.09075689576984,0,0,0
43.82063945899368,150.9079688395571,14.486082713476193,0,0,0
52.98646788353246,149.70259390058933,13.745272609628362,0,0,0
68.2200892648489,154.6817106530087,16.102077492919253,0,0,0
71.75341256297904,127.91370846389205,16.04205595416355,0,0,0
67.31330656494988,167.93756553674163,5.647585531160109,0,0,0
65.11332398689832,175.73797805727878,5.842431519369049,0,0,0
51.613075762099534,93.6605008380983,11.788011083004152,0,0,0
61.598047782306885,134.9979509350519,11.203298082179293,1,0,0
63.04239257811202,168.4700481722409,16.675235393049277,0,0,0
61.11372845716985,219.97613096822244,14.591518941320533,0,0,0
62.58386029278415,121.8924929805303,7.49930879549611,0,0,0
54.61080670309493,139.395145949224,8.419092046885092,0,0,0
62.54119714880742,124.68003908214041,16.40765697376181,0,0,0
74.97776889321808,134.1371035693794,13.178388145837024,0,0,0
162.20202012194963,390.7542851016692,22.490504544994014,5,1,1
47.43663107151736,192.93758155113673,9.323807545998276,0,0,0
3.0769892117801456,538.7853453380498,23.454005443561666,4,1,1
38.46307788564255,131.73821120260777,5.695286157267215,0,0,0
16.45524385388139,489.12127788104505,22.512301360351714,2,1,1
56.72550443976798,114.41706643830075,16.292300038309037,0,0,0
57.880200280912575,137.6026573218465,16.513622167049007,0,0,0
50.42321535797414,186.7204070127391,14.006812141824593,0,0,0
49.248810370672935,127.18755323071196,14.566778160466566,0,0,0
11.212002560333215,14.88058853950419,4.451636702939456,3,1,1
66.82984864249794,124.97781232445467,15.07439384326553,0,0,0
55.64730241686894,164.53380394385147,14.48931258124033,0,0,0
94.15594469076225,184.12291793295196,12.168110344257876,0,0,0
51.84823408719344,143.3942707355258,8.926815632754508,0,0,0
69.3403555418025,214.73146373396713,14.459991559493165,0,0,0
56.6117424641472,155.65884265977098,20.268291584622943,0,0,0
69.48697552561384,101.33568019039677,13.845855572434397,0,0,0
40.585607113243356,127.74387725657041,9.241631920751496,0,0,0
53.20615569747943,154.11813016704102,13.462187584575702,0,0,0
46.90960466278773,136.73845882905457,14.169552478107327,0,0,0
72.63324773850675,131.41488590145678,9.213972753221825,0,0,0
48.10041487712558,148.1692751754659,11.61354818213477,0,0,0
64.24633303460192,136.3330133322473,14.038654085464108,0,0,0
59.52180010296372,117.72184616929172,8.642068526451729,0,0,0
49.19299172747678,170.14036953374682,15.149800702689278,0,0,0
64.95399804179296,121.2579104011993,9.15284749706223,0,0,0
51.093526152811116,134.10832411804137,12.275613355604696,0,0,0
73.18483475646471,185.91141348103332,15.213998959114063,0,0,0
50.05265020618427,170.4649395726363,14.404422194504587,0,0,0
81.07603081506703,133.1561592238932,14.7536761218887,0,0,0
66.67342902508368,148.58295176821971,9.5225901567407,0,0,0
58.60759528982689,181.95788644980672,20.917108890528198,0,0,0
72.64534149871237,114.6501004078669,9.825075871352933,0,0,0
62.86698477942218,172.03265996924964,19.020045053676455,0,0,0
46.924709145728855,151.38833030463178,12.053424120418509,0,0,0
51.36647135981744,178.38439686000123,7.741330326251521,0,0,0
10.776897804473025,21.651069504904328,5.841511364647593,2,1,1
66.08472426115208,142.80865563193066,10.583005457399146,0,0,0
60.48432241066202,129.26432292680866,13.97451396129093,0,0,0
4.309045528594516,24.74025833363925,22.75135039715602,4,1,1
59.16139423444752,170.79348576471835,18.440767967452263,0,0,0
155.60880534370585,525.0617712040872,22.89785898746627,3,1,1
53.493848710144974,115.1989178523381,17.565599959003098,0,0,0
52.08787610641451,116.29241987865998,12.003947712518327,0,0,0
76.43041450164797,112.90874527237227,14.797586448341864,0,0,0
56.59770280274082,168.37730419012212,10.797666717188545,0,0,0
59.97269437224437,126.80269522545487,6.369315245743702,0,0,0
41.288767279637256,187.56595706994761,18.10279905676969,0,0,0
40.81710665847581,111.17321338323981,10.507866942428054,0,0,0
59.40414601140642,171.30458367093934,12.945400363506318,0,0,0
57.034050673717424,167.90350366158458,8.655966735965055,0,0,0
60.55157862764731,140.27056362134803,17.65597074988395,0,0,0
61.06196331389169,122.95815296604471,4.321882049672025,0,0,0
77.92824454293314,133.7985468038539,9.393749369725146,0,0,0
66.97349290817029,214.70743957223982,13.88593009151923,0,0,0
76.22675395702785,118.85268857889304,10.536411963487886,0,0,0
68.2579496137791,170.67231829741607,5.462128340666815,0,0,0
66.48589024842946,136.20614947789872,13.915999241768336,0,0,0
76.63078183044338,145.17967916415395,16.89813485592015,0,0,0
75.50143519492427,168.28310223679333,9.698375769435614,0,0,0
153.17428494601302,0.0,2.2861776650791827,4,1,1
69.30236424933945,167.3380585703648,6.072546107048073,0,0,0
51.33781352491023,137.3321904654448,11.27860643848024,0,0,0
69.79101204630992,165.8875419517699,9.783391872718806,0,0,0
48.780375001750244,200.43948370307677,9.101254269411742,0,0,0
58.655303643917485,161.54537949137782,13.861418972542449,0,0,0
0.0,18.29360652293635,23.43571661659539,4,1,1
59.24571781913313,136.55643078497772,3.7464838513657384,0,0,0
57.47560497834403,199.78993420738857,8.410113277404063,0,0,0
64.52426976425907,143.96415134102327,5.2044321698283555,0,0,0
49.836992304188755,148.38556603543287,16.234596912301697,0,0,0
9.180105116026521,11.943313102877845,22.535328362412724,5,1,1
58.11615048599359,124.69377284297329,10.415663582038789,0,0,0
55.751608126444665,175.6586998787566,14.246052080111443,0,0,0
56.16677814591464,181.79030482058852,18.155922589813734,0,0,0
7.652611936119712,16.66913713602182,3.537377349745653,3,1,1
69.28637647378395,152.75229577331527,16.363397851663656,0,0,0
60.55408916092136,102.72516882120777,15.629226578823552,0,0,0
73.3411097735653,156.35648154153517,10.985168961198216,0,0,0
59.88083862595887,140.29986774499991,11.551111261619843,0,0,0
50.72861503816183,137.03169611156983,10.007284555688504,1,0,0
51.729798697751946,175.51332171311026,8.896487738815512,0,0,0
52.357568010148,130.8907072527737,20.563329838978657,0,0,0
58.1636865876879,173.8697333475047,13.17141276321663,0,0,0
55.37843760006078,209.80460940809476,10.314127135126366,0,0,0
71.87539912950682,200.1403971352326,14.598998945322593,0,0,0
50.779294919125746,101.93292262157841,9.926206962967044,0,0,0
55.49394737315631,163.93699169089803,13.527687789372917,0,0,0
57.005098351918676,113.65179868201022,17.627107686304853,0,0,0
73.59267945427216,133.41619157297026,8.217497070741436,0,0,0
42.20844575088141,207.25590132284785,3.702536067692673,0,0,0
55.181387308179396,152.53516712342307,18.91445593426752,0,0,0
73.46723532218537,147.21833788796516,7.875890596014776,0,0,0
71.98406378262975,160.94641603074976,8.64526788846897,0,0,0
61.95820866470921,175.71946331471133,12.691179669488864,1,0,0
59.09360184469392,110.12838337880271,4.438419286849843,0,0,0
