typing_speed,mouse_movements,time_of_day,failed_attempts,location,device,browser,download_count,is_anomaly,risk_label
150.3419692358439,0.0,0.5854513387973554,5,Anantapur,MacBook,Tor Browser,43,1,1
79.40829058242501,141.53261257317186,16.505324143667732,0,Anantapur,Dell Laptop,Chrome,0,0,0
89.23821584383359,148.93222400278609,5.638421799890974,1,Anantapur,Dell Laptop,Chrome,0,0,0
49.133750209118915,210.54418951312502,10.068709547978587,1,Anantapur,Dell Laptop,Chrome,0,0,0
70.66656142787008,136.9945798592509,7.574282440456967,0,Anantapur,Dell Laptop,Chrome,0,0,0
59.39307469147049,220.9044961058445,11.858717841606968,0,Hyderabad,Office Desktop,Chrome,0,0,0
67.31479083229921,179.96034117478638,8.314202030928195,0,Anantapur,Dell Laptop,Chrome,0,0,0
139.13695124228227,13.593240484423198,3.873782375286612,4,Unknown IP,MacBook,Firefox,21,1,1
60.93498434297479,167.97419606164735,13.87956254171014,0,Anantapur,Office Desktop,Chrome,0,0,0
68.10733987647887,172.85681058815464,11.92298665523209,0,Anantapur,Dell Laptop,Chrome,1,0,0
149.21377404001234,47.79307901731194,23.01927738064108,2,Unknown IP,MacBook,Tor Browser,46,1,1
58.40260293143749,105.27242746694441,16.52267118808384,0,Anantapur,Dell Laptop,Chrome,0,0,0
41.474490032512804,158.24393887482412,13.591826514545572,0,Anantapur,Dell Laptop,Chrome,0,0,0
56.52675645005242,168.93610456787124,7.279142550165184,0,Anantapur,Office Desktop,Chrome,1,0,0
73.14701034317274,164.86719722105954,8.492550152625071,1,Anantapur,Dell Laptop,Chrome,0,0,0
68.62232561802163,136.02778079514323,14.166253323163847,1,Anantapur,Office Desktop,Chrome,0,0,0
44.63162922592237,157.5891764499754,16.169457261312633,0,Anantapur,Dell Laptop,Chrome,0,0,0
141.96634052864513,493.35273800615676,22.72014575989289,4,Unknown IP,Unknown Mobile,Firefox,20,1,1
72.24034985403361,123.58341579642112,16.35274144223149,0,Anantapur,Office Desktop,Chrome,0,0,0
130.97117842547541,454.31303220457795,2.8018596865833687,4,Anantapur,Dell Laptop,Tor Browser,8,1,1
56.26210336322843,144.86897086753683,13.035100410943619,0,Anantapur,Dell Laptop,Chrome,0,0,0
52.399872362874596,173.55291937289408,6.188398540984656,1,Hyderabad,Office Desktop,Chrome,1,0,0
51.37483801637078,190.41387410936701,10.828801269443847,0,Anantapur,Office Desktop,Chrome,0,0,0
77.13908809616822,150.63341898681043,18.812744553457218,0,Anantapur,Dell Laptop,Chrome,0,0,0
62.938257920106516,153.71357272283626,7.6265044295582,0,Anantapur,Office Desktop,Chrome,0,0,0
43.68882331065848,129.64489250920934,9.987446439623543,0,Anantapur,Dell Laptop,Chrome,0,0,0
43.867879601571246,111.81282210152392,11.601275334902082,1,Anantapur,Office Desktop,Chrome,0,0,0
47.44189623523563,133.62825900673155,13.659135515456832,0,Anantapur,Office Desktop,Chrome,1,0,0
85.37739358801244,179.70270614629487,6.865767906262159,0,Anantapur,Office Desktop,Chrome,1,0,0
44.45121803776698,156.3179726559761,7.280728288231888,0,Anantapur,Dell Laptop,Chrome,0,0,0
74.17686079618198,172.17096756804844,9.990971409716991,0,Anantapur,Office Desktop,Chrome,0,0,0
56.783218699714936,187.1387452386473,16.32068684923713,0,Anantapur,Dell Laptop,Chrome,0,0,0
64.99829721544502,151.87502025311528,12.316688684625579,0,Anantapur,Office Desktop,Chrome,0,0,0
68.74018532589787,184.87543633295616,10.949559105164093,0,Anantapur,Dell Laptop,Chrome,0,0,0
56.78990797134894,201.64020953546787,11.798848463208204,0,Anantapur,Dell Laptop,Chrome,1,0,0
65.56265299742468,131.978679283956,4.357926425183494,0,Anantapur,Dell Laptop,Chrome,0,0,0
62.81086114490871,164.68805220019067,14.65575534714585,0,Hyderabad,Dell Laptop,Chrome,0,0,0
47.69099938300989,124.67067765262112,9.054766917533636,0,Anantapur,Dell Laptop,Chrome,0,0,0
71.06981807773082,107.27583044601101,14.144508005234924,1,Anantapur,Office Desktop,Chrome,0,0,0
72.23387324336728,178.32330239467458,21.080003340711443,0,Anantapur,Office Desktop,Chrome,0,0,0
43.633156237769995,152.73761414664312,10.093027175598712,0,Anantapur,Dell Laptop,Chrome,0,0,0
127.82768144972674,521.543881232412,21.122039761177994,5,Unknown IP,MacBook,Firefox,42,1,1
51.887906443538945,170.0691080274335,20.228206961821016,0,Anantapur,Dell Laptop,Chrome,0,0,0
77.39995438704867,116.6176342784691,13.166774961117913,0,Anantapur,Office Desktop,Chrome,0,0,0
61.27163638508013,129.5300789034065,11.344573485204448,0,Hyderabad,Dell Laptop,Chrome,1,0,0
61.663984036164855,71.34855220577148,12.535195554675095,0,Hyderabad,Dell Laptop,Chrome,1,0,0
58.31271864949165,113.96796172283918,11.126072719600607,0,Hyderabad,Dell Laptop,Chrome,0,0,0
52.668793351486975,129.5747450669232,12.409721125220788,0,Anantapur,Dell Laptop,Chrome,0,0,0
2.7493295684286325,5.968058617893391,1.7345099257364818,4,Tor Node,MacBook,Tor Browser,38,1,1
67.81819430432317,166.32633850546156,12.225328693943945,0,Anantapur,Office Desktop,Chrome,0,0,0
50.86438365693696,105.9101098660092,8.889683166871468,0,Anantapur,Office Desktop,Chrome,0,0,0
48.76402303659854,179.77385140209728,15.816405650911028,1,Hyderabad,Dell Laptop,Chrome,0,0,0
61.86470452558296,153.10541906711416,16.36094851497863,0,Hyderabad,Dell Laptop,Chrome,0,0,0
68.94384871049957,124.65049212623026,13.0686341109569,0,Anantapur,Dell Laptop,Chrome,2,0,0
56.42503863394505,143.6043038291342,15.962037890327633,0,Anantapur,Dell Laptop,Chrome,1,0,0
64.9291354461357,167.88639472378532,12.577460993596922,0,Anantapur,Office Desktop,Chrome,0,0,0
62.283433148713584,115.7415527801824,13.45304057884117,0,Anantapur,Dell Laptop,Chrome,1,0,0
56.98766520983221,111.14393689229473,9.790942282480035,0,Anantapur,Dell Laptop,Chrome,0,0,0
55.07197513648708,146.72397278228948,11.42247097312843,0,Hyderabad,Dell Laptop,Chrome,1,0,0
72.95079935526218,153.90351218358953,3.1578974548681913,0,Hyderabad,Office Desktop,Chrome,0,0,0
61.10071268756521,125.35354329126505,8.606179705716883,0,Anantapur,Dell Laptop,Chrome,0,0,0
62.5526488003835,147.07285760899308,8.243921696791636,0,Anantapur,Dell Laptop,Chrome,0,0,0
46.27953429742186,89.62015071925128,16.886423391271194,0,Anantapur,Dell Laptop,Chrome,0,0,0
59.6653224975706,133.56629086394375,18.179283719332165,0,Hyderabad,Dell Laptop,Chrome,0,0,0
55.55981351995612,161.9427571339607,12.726275100730112,0,Anantapur,Dell Laptop,Chrome,0,0,0
63.906953483753476,142.0241849573407,6.796836770966536,0,Anantapur,Dell Laptop,Chrome,1,0,0
3.7703771494929903,16.388229095374157,3.5236744033868197,4,Unknown IP,Unknown Mobile,Chrome,28,1,1
71.99469020811341,185.42400456591756,9.661836656774563,0,Anantapur,Office Desktop,Chrome,0,0,0
57.572479967020804,153.0782665611262,16.94660611663203,0,Anantapur,Dell Laptop,Chrome,0,0,0
35.48374124026084,160.0516647663682,10.999668658762765,0,Anantapur,Dell Laptop,Chrome,0,0,0
3.5152915864921885,14.476002648813239,22.60253506389392,3,Tor Node,MacBook,Tor Browser,20,1,1
74.09735589438985,141.87446407356128,10.170328080909139,0,Anantapur,Dell Laptop,Chrome,1,0,0
74.78730816574641,94.81592762678056,12.003146337783775,0,Anantapur,Office Desktop,Chrome,1,0,0
12.57329233351934,489.96249064102295,22.99136634080214,4,Russia,MacBook,Firefox,10,1,1
8.500712031583957,16.0206202176548,22.823609587017447,3,Unknown IP,MacBook,Firefox,35,1,1
76.77757957192344,123.4718079329625,17.007499640562393,0,Anantapur,Dell Laptop,Chrome,2,0,0
56.34559015087172,177.66265331615975,8.093503915553944,1,Anantapur,Dell Laptop,Chrome,0,0,0
62.02743555545167,115.17314482744695,11.325546567689031,0,Anantapur,Dell Laptop,Chrome,1,0,0
67.29519376692534,162.64266887838505,11.09287512777567,0,Anantapur,Dell Laptop,Chrome,0,0,0
53.77923369288453,136.1455597730701,11.088676547767484,0,Anantapur,Dell Laptop,Chrome,2,0,0
48.48148094368307,195.91028465741405,16.06870810588135,0,Hyderabad,Office Desktop,Chrome,0,0,0
55.419278051250544,145.3374785093711,12.385731007648774,0,Anantapur,Dell Laptop,Chrome,0,0,0
63.23520655985251,157.89551961959276,9.76605231629477,0,Hyderabad,Dell Laptop,Chrome,0,0,0
53.26775060850485,167.68336149659748,11.517079463573996,0,Anantapur,Office Desktop,Chrome,0,0,0
54.53954141060208,181.11650878539103,12.265263472242559,0,Anantapur,Dell Laptop,Chrome,0,0,0
43.148688674501535,149.21492762733868,13.428129642116472,0,Anantapur,Dell Laptop,Chrome,2,0,0
54.24636873808736,108.37054229579704,16.667632614630275,0,Anantapur,Dell Laptop,Chrome,0,0,0
72.29893352229539,139.50502490576292,9.563369962664279,0,Anantapur,Dell Laptop,Chrome,0,0,0
34.46928759215366,164.01092787909926,8.576201337094872,0,Anantapur,Dell Laptop,Chrome,0,0,0
46.97446761213756,169.11551820678238,13.93690655386102,0,Hyderabad,Dell Laptop,Chrome,0,0,0
48.315910151863704,190.5653134814415,6.079017574788874,0,Hyderabad,Dell Laptop,Chrome,0,0,0
66.2509557982245,132.29840367997508,12.297228294571957,0,Anantapur,Dell Laptop,Chrome,0,0,0
58.194975398234135,148.28601758848419,6.434049556972747,0,Anantapur,Dell Laptop,Chrome,0,0,0
55.824277587751375,144.285351282546,12.79458978885939,0,Anantapur,Dell Laptop,Chrome,0,0,0
74.45966056962261,169.62795075675112,12.531751574192016,0,Anantapur,Dell Laptop,Chrome,0,0,0
60.714729913269416,117.38411245185812,12.253803256538168,0,Hyderabad,Dell Laptop,Chrome,0,0,0
63.2975923222264,168.88955712110945,8.840110234296384,0,Anantapur,Office Desktop,Chrome,0,0,0
65.74616635134296,68.76811952244215,17.63386499781255,0,Anantapur,Office Desktop,Chrome,0,0,0
66.11504596087958,139.78379927875437,19.837147129063705,0,Anantapur,Dell Laptop,Chrome,1,0,0
69.30109009135758,171.07525455726352,12.498926965376011,0,Anantapur,Dell Laptop,Chrome,2,0,0
54.21452804430059,169.9405411138129,13.430399207931675,0,Hyderabad,Office Desktop,Chrome,0,0,0
50.21948513323521,157.7732209878377,13.81588637791942,0,Anantapur,Dell Laptop,Chrome,0,0,0
50.128750418751785,136.9817657193006,13.138459810330511,0,Anantapur,Dell Laptop,Chrome,0,0,0
59.80525278898769,139.86883519855385,10.595880855486193,0,Anantapur,Dell Laptop,Chrome,0,0,0
80.36281783031156,113.42839354065507,7.943290106212167,0,Hyderabad,Office Desktop,Chrome,0,0,0
49.714587358130835,186.80868825479723,15.191958101806502,0,Anantapur,Dell Laptop,Chrome,0,0,0
93.02518991512025,160.7501420235233,17.82171981121575,0,Hyderabad,Office Desktop,Chrome,0,0,0
64.60701626093952,85.37513465862311,6.425336484023432,0,Anantapur,Dell Laptop,Chrome,0,0,0
63.08633411445458,130.99018408362494,9.931083814624142,0,Anantapur,Dell Laptop,Chrome,0,0,0
60.43270859346481,150.46894775974826,13.52969731003943,0,Anantapur,Office Desktop,Chrome,0,0,0
79.81425512072875,184.46784514475598,20.071618982501953,0,Anantapur,Office Desktop,Chrome,1,0,0
49.71306065876786,166.37280342627764,9.155104043307173,0,Hyderabad,Office Desktop,Chrome,1,0,0
75.98613021996155,125.22338549326427,17.117538412949266,0,Anantapur,Dell Laptop,Chrome,0,0,0
52.61327929123945,158.90015453710956,12.689924966482424,0,Anantapur,Dell Laptop,Chrome,2,0,0
141.0391288750502,30.355498385185307,4.613485527615459,4,Russia,MacBook,Tor Browser,25,1,1
11.036524774089596,18.200799938648274,4.200771271278146,2,Unknown IP,Unknown Mobile,Firefox,31,1,1
68.27328688971201,155.6031287048254,10.640173364810348,0,Anantapur,Dell Laptop,Chrome,0,0,0
43.245018092375794,120.05078125682061,11.428991246165827,0,Anantapur,Dell Laptop,Chrome,0,0,0
49.98442528077412,148.77195026954809,9.24311813902344,0,Anantapur,Office Desktop,Chrome,0,0,0
63.69181743491161,129.3876635182835,6.90727224275413,0,Hyderabad,Dell Laptop,Chrome,2,0,0
43.02315724382812,112.1757742529652,6.940284966514046,0,Hyderabad,Dell Laptop,Chrome,0,0,0
54.028823909814534,164.69787794358814,16.782658149208924,0,Anantapur,Office Desktop,Chrome,0,0,0
67.87785617015604,150.73561083786956,3.523267826050196,0,Anantapur,Dell Laptop,Chrome,0,0,0
61.24310623795167,99.7854989034727,9.207604664186569,0,Anantapur,Dell Laptop,Chrome,0,0,0
63.393828805561704,164.32681970343887,18.819722916371752,0,Anantapur,Dell Laptop,Chrome,0,0,0
146.46070734258072,566.4657199619951,0.2258833076061464,4,Unknown IP,Unknown Mobile,Tor Browser,17,1,1
59.6683544640581,115.03263818395946,9.809825113725545,0,Anantapur,Dell Laptop,Chrome,0,0,0
72.71352958395563,167.21847941943759,9.806749549285737,0,Anantapur,Dell Laptop,Chrome,0,0,0
70.58319217398527,113.8266494706325,15.999114707576197,0,Anantapur,Dell Laptop,Chrome,1,0,0
73.81749461893567,148.92390416506566,8.439689496496971,0,Anantapur,Dell Laptop,Chrome,2,0,0
60.07464337285354,140.23437216966218,10.345191394972774,0,Anantapur,Dell Laptop,Chrome,0,0,0
69.92598831698623,158.52861801100397,19.423741457973918,0,Anantapur,Dell Laptop,Chrome,0,0,0
55.58629869467899,139.26027397767837,19.1173738407102,0,Anantapur,Office Desktop,Chrome,1,0,0
62.85015472324509,157.3439974047718,6.2756705610176935,0,Hyderabad,Dell Laptop,Chrome,1,0,0
47.632088953792255,152.07560584922996,13.42738730882119,0,Anantapur,Dell Laptop,Chrome,0,0,0
59.45395889428921,152.74055800436747,17.685705085603015,0,Anantapur,Dell Laptop,Chrome,1,0,0
58.101321162713376,162.50917912903094,14.053544090740242,0,Anantapur,Dell Laptop,Chrome,1,0,0
11.55304108072222,54.87835465556764,2.3967426522621618,4,Unknown IP,Unknown Mobile,Firefox,30,1,1
48.47277317575915,157.1347034791344,9.955952607944226,0,Anantapur,Dell Laptop,Chrome,0,0,0
146.9328001785653,21.121809906646334,2.152354147766248,2,Unknown IP,Dell Laptop,Firefox,5,1,1
65.55759135321992,136.20814175556623,8.176611905543558,0,Anantapur,Dell Laptop,Chrome,1,0,0
42.19135844148865,107.44002801240146,13.008377747129591,0,Anantapur,Office Desktop,Chrome,0,0,0
73.62021569222324,147.77503153866934,13.229554063844928,0,Anantapur,Dell Laptop,Chrome,1,0,0
54.71109160380216,130.2456112450037,11.712995178271505,0,Hyderabad,Dell Laptop,Chrome,0,0,0
58.93549339561635,147.06599432824044,16.223260937057006,0,Anantapur,Dell Laptop,Chrome,0,0,0
11.206184411551643,16.438493081809295,2.6691003277785224,5,Unknown IP,Unknown Mobile,Firefox,16,1,1
50.518105960245194,151.00125252440662,8.657748428454786,0,Anantapur,Office Desktop,Chrome,0,0,0
64.23596121955373,85.43712274448336,12.05342907236791,0,Anantapur,Dell Laptop,Chrome,0,0,0
46.6037447244894,194.11299550286378,14.980443907456497,1,Anantapur,Dell Laptop,Chrome,1,0,0
61.59963301292564,196.1589312738283,0.12545098473387384,0,Anantapur,Dell Laptop,Chrome,0,0,0
55.686661413054104,156.08468513850366,8.0166468443439,0,Anantapur,Dell Laptop,Chrome,0,0,0
48.95307275264355,147.25850327322618,11.200656048940544,0,Anantapur,Office Desktop,Chrome,0,0,0
54.76302924646092,115.35093960959523,9.612012820142342,0,Anantapur,Dell Laptop,Chrome,0,0,0
62.59059906765209,162.53025146295337,21.390112502748195,0,Anantapur,Office Desktop,Chrome,0,0,0
68.81172554036966,127.12234779116034,14.741905696699067,0,Anantapur,Dell Laptop,Chrome,1,0,0
167.85793898226265,0.0,4.624736886745021,3,Tor Node,MacBook,Chrome,28,1,1
61.78628756026681,154.64284669481782,15.826178168100327,0,Anantapur,Dell Laptop,Chrome,2,0,0
73.3751350029776,158.37756433528568,6.551739045780614,0,Anantapur,Office Desktop,Chrome,0,0,0
52.481772726872784,161.71930373768345,8.014532897201308,0,Anantapur,Dell Laptop,Chrome,0,0,0
56.89439287155102,139.74938045015978,11.612565773462856,0,Anantapur,Dell Laptop,Chrome,0,0,0
59.26049537818457,178.72466417679232,16.04319783748477,0,Anantapur,Dell Laptop,Chrome,0,0,0
50.183504266140396,164.39698251245625,11.655944803164926,0,Hyderabad,Office Desktop,Chrome,0,0,0
54.18138760298118,166.7961455330724,5.172656121952022,0,Anantapur,Dell Laptop,Chrome,0,0,0
9.317696334434448,10.4112522513944,21.859438599002146,4,Russia,MacBook,Tor Browser,11,1,1
57.44915172099727,117.14388011498045,13.740540109267958,0,Anantapur,Dell Laptop,Chrome,0,0,0
78.72053887002716,148.90124919243308,7.700943632702296,0,Anantapur,Dell Laptop,Chrome,0,0,0
40.93024924409113,111.38954299048234,13.027929533650392,1,Anantapur,Office Desktop,Chrome,1,0,0
48.367003603724626,156.34924086181962,13.909096996250188,0,Anantapur,Office Desktop,Chrome,0,0,0
70.99785600915345,129.3182051870208,14.968961998068993,0,Hyderabad,Dell Laptop,Chrome,0,0,0
52.69618728646681,117.2580765989363,10.610434327000982,0,Anantapur,Office Desktop,Chrome,0,0,0
64.20677740527863,112.90069495117345,11.749681289518886,0,Anantapur,Dell Laptop,Chrome,0,0,0
49.01512381001835,168.54695247933606,14.7875425454085,0,Anantapur,Dell Laptop,Chrome,0,0,0
53.137910493826865,140.8934739645764,12.934833782859778,0,Hyderabad,Dell Laptop,Chrome,1,0,0
63.97297082315258,109.57781036485903,8.602468378975427,0,Anantapur,Dell Laptop,Chrome,0,0,0
65.82896085862565,221.6134877081185,8.34979428760563,0,Anantapur,Office Desktop,Chrome,0,0,0
58.04981674604768,201.99469653774526,13.584731386470033,1,Anantapur,Dell Laptop,Chrome,0,0,0
59.63339554251783,149.20375981991106,7.34926986934938,0,Anantapur,Dell Laptop,Chrome,0,0,0
54.3009606933005,123.7999083092879,6.206990525294231,0,Anantapur,Dell Laptop,Chrome,0,0,0
66.47373345056116,134.19497843202694,13.771271151712071,0,Anantapur,Dell Laptop,Chrome,0,0,0
55.445505214994085,119.3811395680687,14.220693597949989,0,Hyderabad,Dell Laptop,Chrome,0,0,0
63.9889195624195,130.80110956279765,17.763131519877668,0,Anantapur,Office Desktop,Chrome,0,0,0
57.034116381715016,110.26478883389296,11.486245643189044,0,Anantapur,Dell Laptop,Chrome,0,0,0
54.5424441597829,116.68524807921804,8.242321485768219,0,Anantapur,Dell Laptop,Chrome,2,0,0
147.05135316853972,579.1590422078501,22.031440703539708,5,Russia,MacBook,Firefox,48,1,1
26.651268083793546,157.27670374503552,13.061947900204945,0,Anantapur,Office Desktop,Chrome,0,0,0
1.2413723575873359,21.694846892213455,3.663853646567241,4,Unknown IP,MacBook,Chrome,22,1,1
66.40067575374209,96.72889687971713,15.60379148590477,0,Anantapur,Dell Laptop,Chrome,0,0,0
154.32149123538386,634.4007996772987,4.297661348798259,5,Tor Node,Unknown Mobile,Chrome,22,1,1
55.62276148007441,157.4630282741475,7.872649200439282,0,Anantapur,Dell Laptop,Chrome,0,0,0
54.467267827931934,116.39033866378472,7.770739092702037,0,Hyderabad,Dell Laptop,Chrome,0,0,0
63.228921514577806,170.14758331364354,16.633014632533985,0,Anantapur,Dell Laptop,Chrome,0,0,0
65.21242773261127,142.09907917207425,16.213904895768486,0,Anantapur,Dell Laptop,Chrome,0,0,0
126.5321156937009,21.49254416553588,21.542114264869856,3,Russia,Unknown Mobile,Firefox,7,1,1
44.722428198917925,131.36246368330154,15.546514945241224,0,Anantapur,Dell Laptop,Chrome,0,0,0
11.505333865992831,29.92459700171596,4.174143144255778,3,Unknown IP,MacBook,Firefox,22,1,1
52.305493179348204,150.87402402641234,16.510150798463904,0,Hyderabad,Office Desktop,Chrome,0,0,0
77.64313592830874,167.67143798028627,14.140942752125282,0,Anantapur,Dell Laptop,Chrome,1,0,0
59.07184705576074,144.3501330668763,11.595283870325215,0,Anantapur,Dell Laptop,Chrome,0,0,0
60.885323362133455,196.9999923033254,10.00451411953282,0,Anantapur,Office Desktop,Chrome,0,0,0
48.847181431684184,131.90239814015627,6.2427159091086315,0,Anantapur,Dell Laptop,Chrome,0,0,0
66.82651132791405,148.24637490762208,15.122394661298385,0,Hyderabad,Office Desktop,Chrome,0,0,0
66.59126123781977,127.96767480475035,9.433627565092372,0,Anantapur,Office Desktop,Chrome,0,0,0
59.17763223601501,187.64427954920433,8.118492875900355,0,Hyderabad,Office Desktop,Chrome,0,0,0
72.68853202666558,135.94105965574025,10.499130240397067,0,Hyderabad,Dell Laptop,Chrome,0,0,0
61.807375778518214,154.22294945183984,7.8097819035561304,0,Hyderabad,Dell Laptop,Chrome,1,0,0
59.83549527985893,98.16299324963899,12.410268735466815,0,Anantapur,Office Desktop,Chrome,0,0,0
61.490518130284215,144.91603621179152,10.348602084954088,0,Anantapur,Dell Laptop,Chrome,0,0,0
58.424630232759675,134.91052497609678,8.171377503314147,0,Anantapur,Dell Laptop,Chrome,0,0,0
62.36746979631186,155.79460689235816,13.200614384995918,0,Anantapur,Dell Laptop,Chrome,1,0,0
80.12033273561491,121.23678162030635,16.905290194202557,0,Anantapur,Dell Laptop,Chrome,0,0,0
58.73833592074966,145.81960841372663,13.316689447699401,0,Anantapur,Dell Laptop,Chrome,1,0,0
74.9005094843569,88.95110569246488,9.73329070350215,0,Anantapur,Dell Laptop,Chrome,0,0,0
67.16681125537387,163.87778521960985,16.727481160014406,0,Anantapur,Dell Laptop,Chrome,0,0,0
58.310145832019934,99.41291074921713,3.1469045558490354,0,Anantapur,Office Desktop,Chrome,1,0,0
68.83529207101095,144.2444208945446,12.344171761903773,1,Anantapur,Dell Laptop,Chrome,0,0,0
65.06530537311505,131.33726143488192,13.218347960112512,0,Anantapur,Dell Laptop,Chrome,0,0,0
43.40318544533879,174.97589961054928,10.583012942963993,0,Hyderabad,Dell Laptop,Chrome,0,0,0
60.99212457686166,205.40600359342545,21.7053937755913,0,Anantapur,Dell Laptop,Chrome,0,0,0
159.92554715839208,342.19255855442134,4.658336172287144,4,Anantapur,MacBook,Firefox,37,1,1
14.267768652997125,478.58768552857646,2.256067529556201,5,Anantapur,MacBook,Firefox,47,1,1
61.65648571580116,104.57930983348177,17.305740640424258,0,Hyderabad,Dell Laptop,Chrome,0,0,0
46.12961207697868,136.96993134167087,14.59122753381638,0,Anantapur,Dell Laptop,Chrome,0,0,0
72.09496827834494,152.9322725181841,13.373405002923338,0,Anantapur,Office Desktop,Chrome,0,0,0
63.657420403617266,154.0052229186894,15.506047680451356,0,Hyderabad,Office Desktop,Chrome,1,0,0
68.38004700885885,159.8928111136964,14.96765594159329,0,Hyderabad,Dell Laptop,Chrome,0,0,0
55.44308677886046,110.2966743042742,8.493598151006282,0,Hyderabad,Dell Laptop,Chrome,0,0,0
14.94045160213205,529.8734031329955,0.14568951890891668,3,Unknown IP,MacBook,Tor Browser,9,1,1
65.98263882941814,147.9066084773883,8.715611316451247,0,Anantapur,Dell Laptop,Chrome,0,0,0
54.47401452104985,158.37726523499174,5.718080170705239,0,Anantapur,Office Desktop,Chrome,0,0,0
45.96202016261684,156.4697618959215,15.347928151454475,0,Anantapur,Office Desktop,Chrome,2,0,0
74.3543742573634,126.5822555763948,10.618228610488044,0,Anantapur,Office Desktop,Chrome,0,0,0
63.980504475036895,169.55701841141388,13.929941835834867,0,Anantapur,Dell Laptop,Chrome,0,0,0
68.49173097307457,129.15244657585654,15.368072271150655,0,Anantapur,Dell Laptop,Chrome,0,0,0
64.80537538426488,184.55508024380566,9.13212170730929,0,Anantapur,Office Desktop,Chrome,0,0,0
51.11215774303678,132.63047411574217,9.2600140230081,0,Hyderabad,Office Desktop,Chrome,0,0,0
51.61160977085888,145.0243634040528,19.11824105733226,0,Anantapur,Dell Laptop,Chrome,0,0,0
70.5789024213926,191.10107791077223,14.848662901960985,0,Anantapur,Dell Laptop,Chrome,0,0,0
64.50845480734885,150.70184584493109,12.690798186140483,0,Hyderabad,Dell Laptop,Chrome,1,0,0
64.49736043209474,177.2304460376926,10.025923089811457,1,Anantapur,Office Desktop,Chrome,0,0,0
14.753893562249893,11.043966761627424,3.071671806572619,2,Unknown IP,MacBook,Chrome,48,1,1
69.73434259275719,179.7631215569399,9.193071578226633,1,Anantapur,Dell Laptop,Chrome,0,0,0
58.78733454475919,142.59877468070786,11.648580525655055,0,Hyderabad,Dell Laptop,Chrome,0,0,0
61.31156874076888,141.39444647991763,14.944875381237887,0,Anantapur,Dell Laptop,Chrome,0,0,0
60.35717580346085,121.2987778064931,15.808550314866768,0,Hyderabad,Dell Laptop,Chrome,0,0,0
68.54964035108645,148.13570904721496,13.100263308946927,0,Anantapur,Office Desktop,Chrome,0,0,0
137.12073172092062,10.81511907791692,3.0748046607500137,3,Russia,MacBook,Tor Browser,28,1,1
153.33335060541927,24.7725901467591,3.192337813784818,3,Russia,MacBook,Firefox,43,1,1
53.74098986609862,150.58316923903863,12.137204858671199,0,Anantapur,Dell Laptop,Chrome,0,0,0
54.26116815092466,167.74406922811983,14.103290884923567,0,Anantapur,Office Desktop,Chrome,1,0,0
164.0642281650813,24.443607412631053,3.356729041442779,2,Russia,MacBook,Tor Browser,29,1,1
61.47766624643322,166.8444593839592,11.706008165881627,0,Anantapur,Dell Laptop,Chrome,0,0,0
55.37036533177085,135.12638243843512,16.20193856430784,0,Anantapur,Dell Laptop,Chrome,0,0,0
52.943415292672995,161.15700425262733,13.912708700324098,0,Anantapur,Office Desktop,Chrome,0,0,0
40.77427920392601,176.9523529202587,11.054017909124678,0,Hyderabad,Dell Laptop,Chrome,0,0,0
46.98525176057181,99.96847953445699,13.74582613302436,0,Anantapur,Dell Laptop,Chrome,0,0,0
58.649993574676444,134.33536007302297,11.96202382226129,0,Anantapur,Dell Laptop,Chrome,0,0,0
63.69860887669045,175.241506291997,8.865978926038274,0,Anantapur,Dell Laptop,Chrome,0,0,0
65.52409858151435,76.83122996543244,9.786996325612282,0,Anantapur,Dell Laptop,Chrome,0,0,0
57.387932893620935,121.3795275659974,4.144823551603879,0,Anantapur,Office Desktop,Chrome,0,0,0
61.940440257157874,176.04193459136715,6.130985420063432,0,Anantapur,Office Desktop,Chrome,0,0,0
64.27055554839318,178.17639768709276,21.103459901554054,0,Anantapur,Office Desktop,Chrome,1,0,0
58.571379600881016,162.46411795047334,22.068433874003162,0,Anantapur,Office Desktop,Chrome,0,0,0
62.62261069791355,140.65894208513598,18.357983506240465,0,Anantapur,Office Desktop,Chrome,0,0,0
66.30874125970631,216.13446182311446,10.590763189778412,0,Anantapur,Dell Laptop,Chrome,1,0,0
44.697529036181706,220.2581742468728,4.498628973923006,0,Hyderabad,Dell Laptop,Chrome,1,0,0
77.63832074924377,186.89136538562047,9.408686980571417,0,Anantapur,Dell Laptop,Chrome,1,0,0
55.05526272939366,159.4430803291218,12.895012640682658,0,Hyderabad,Dell Laptop,Chrome,0,0,0
76.71518357944512,183.93951692521694,13.314297072064356,0,Anantapur,Dell Laptop,Chrome,2,0,0
56.14987582236785,185.1064863550269,7.842212618299151,0,Anantapur,Office Desktop,Chrome,0,0,0
75.90304427539913,118.80530591704927,11.481463883584894,0,Hyderabad,Dell Laptop,Chrome,0,0,0
57.4317180285581,215.4362396254601,8.371080964918105,0,Hyderabad,Dell Laptop,Chrome,0,0,0
62.14253841397631,172.4890156713818,15.851547123819307,0,Anantapur,Office Desktop,Chrome,1,0,0
73.41489250624694,128.07727163320752,9.631680975698735,0,Anantapur,Office Desktop,Chrome,0,0,0
43.972079775273215,93.3227367039409,17.159175413184833,0,Anantapur,Dell Laptop,Chrome,0,0,0
44.49334547841634,120.96276495920232,8.094576391739873,0,Anantapur,Dell Laptop,Chrome,1,0,0
80.78254588606256,150.6883204341453,13.757459132906078,0,Anantapur,Dell Laptop,Chrome,0,0,0
59.62869077736815,172.43373612926527,17.26628128017964,0,Hyderabad,Dell Laptop,Chrome,0,0,0
53.29317537955847,138.4815704088033,10.07805692055177,0,Hyderabad,Office Desktop,Chrome,0,0,0
56.09593964491057,135.87441895618088,6.212529186790736,0,Anantapur,Dell Laptop,Chrome,1,0,0
57.29365688380392,124.5989868588556,11.760197523974952,0,Anantapur,Dell Laptop,Chrome,0,0,0
61.257762815491674,178.18860283775643,5.685680558847025,0,Anantapur,Dell Laptop,Chrome,0,0,0
64.49803134189253,124.27773470253268,11.946378346395177,0,Anantapur,Dell Laptop,Chrome,2,0,0
54.83370493098687,147.45886730927606,16.630218673376923,0,Hyderabad,Dell Laptop,Chrome,0,0,0
69.64850983782134,162.8534610110437,16.162230452116262,0,Anantapur,Dell Laptop,Chrome,0,0,0
66.11838918898728,130.08894624542194,9.081329942378375,0,Anantapur,Dell Laptop,Chrome,0,0,0
61.32527766946048,113.38920379648238,16.179625825018064,0,Anantapur,Office Desktop,Chrome,0,0,0
54.85832029772025,161.02774698061162,4.877165189519638,0,Anantapur,Dell Laptop,Chrome,0,0,0
11.847941579289024,20.134330164905286,23.644258283522475,2,Unknown IP,MacBook,Firefox,33,1,1
70.41637281766683,159.1582048515709,4.941201867681046,0,Anantapur,Office Desktop,Chrome,0,0,0
54.24145510796458,152.8805637820063,18.384407863823228,0,Anantapur,Office Desktop,Chrome,0,0,0
16.20506832673147,14.287018291247286,3.653641054540591,2,Anantapur,Dell Laptop,Firefox,43,1,1
60.66737435147544,180.94997106539233,16.007733417453366,0,Anantapur,Dell Laptop,Chrome,0,0,0
65.2012222217248,135.1591763620207,12.736229135875398,0,Anantapur,Dell Laptop,Chrome,0,0,0
60.04073507213157,150.81539491875773,13.23547159160232,0,Anantapur,Dell Laptop,Chrome,0,0,0
71.33606348687857,162.47526568471577,9.880797669724759,0,Anantapur,Office Desktop,Chrome,0,0,0
67.50841531762283,161.46962464350216,12.82741714029444,0,Anantapur,Dell Laptop,Chrome,0,0,0
60.74716215367453,149.12373013957364,16.600871210607423,0,Hyderabad,Dell Laptop,Chrome,0,0,0
56.68418468899407,142.30041941922008,14.13734223476187,0,Anantapur,Office Desktop,Chrome,1,0,0
66.40241033242266,231.08883125458127,11.907392770000326,0,Anantapur,Dell Laptop,Chrome,0,0,0
59.612343673766794,156.81456285645294,7.836212105484167,0,Anantapur,Dell Laptop,Chrome,0,0,0
58.859953732571505,160.4340090831997,16.679968981351045,0,Anantapur,Dell Laptop,Chrome,0,0,0
59.163250855078545,115.83833827102073,10.695758489977756,0,Anantapur,Dell Laptop,Chrome,2,0,0
46.332052042109396,150.2634969447469,19.60854841334764,0,Anantapur,Dell Laptop,Chrome,0,0,0
17.11920235561603,565.9971252925104,22.81056232909873,3,Tor Node,Unknown Mobile,Tor Browser,42,1,1
153.21121307512735,20.17928220677262,23.25446552996017,3,Unknown IP,Unknown Mobile,Firefox,37,1,1
48.23481400926384,179.77258369162612,9.380921231722455,0,Hyderabad,Dell Laptop,Chrome,1,0,0
51.95836703472639,230.68596794197254,11.98565537162244,0,Anantapur,Dell Laptop,Chrome,0,0,0
148.45605151110433,403.5143132514144,2.693480621220785,5,Russia,MacBook,Firefox,25,1,1
60.428470734602925,160.87349734102114,12.396194217578955,0,Anantapur,Dell Laptop,Chrome,0,0,0
132.63139323596994,421.5685177499236,2.984116869572118,3,Unknown IP,Unknown Mobile,Tor Browser,11,1,1
53.74925371313573,153.56372647638875,11.368354180808074,0,Hyderabad,Dell Laptop,Chrome,0,0,0
85.29958951363389,151.3414286611677,13.002206726484498,0,Anantapur,Dell Laptop,Chrome,0,0,0
62.55410099839167,114.08758723516422,17.328776118052037,0,Anantapur,Dell Laptop,Chrome,0,0,0
185.60958551578813,25.350846857151673,21.616510352277636,4,Unknown IP,Unknown Mobile,Firefox,21,1,1
71.43425547055975,181.97515858542218,10.33160866937921,0,Anantapur,Dell Laptop,Chrome,0,0,0
63.286291267348105,135.3157117329472,14.53632381866424,0,Anantapur,Dell Laptop,Chrome,0,0,0
64.94895655457653,161.11027347018901,14.69063174916009,0,Anantapur,Dell Laptop,Chrome,0,0,0
57.89581688493993,181.7132417630292,12.376752576472843,0,Anantapur,Dell Laptop,Chrome,0,0,0
54.925764128823346,133.5535634311955,18.906382328470286,0,Anantapur,Dell Laptop,Chrome,0,0,0
19.06151077055092,428.48283183733247,23.23660812394382,5,Tor Node,Dell Laptop,Chrome,22,1,1
73.40293470089546,196.36404625231083,19.72688375886981,0,Hyderabad,Dell Laptop,Chrome,0,0,0
64.51217799174269,145.21398323321986,10.092647778456817,0,Anantapur,Office Desktop,Chrome,0,0,0
73.80492285307932,128.37887611785334,11.379509193573934,0,Anantapur,Dell Laptop,Chrome,0,0,0
47.24350932543363,177.93832047441362,10.127380722908466,0,Hyderabad,Office Desktop,Chrome,0,0,0
71.2415195493589,149.09022726172344,8.797596540518065,0,Anantapur,Office Desktop,Chrome,0,0,0
43.457600904997236,113.27976463213487,8.109214255360213,0,Anantapur,Dell Laptop,Chrome,1,0,0
55.412256205192136,115.44577122180445,11.140436155417689,0,Anantapur,Dell Laptop,Chrome,0,0,0
30.222581801676995,158.27007309135067,10.016617060558424,0,Hyderabad,Office Desktop,Chrome,0,0,0
62.735101329802426,102.17022285313476,10.563499654738884,0,Anantapur,Office Desktop,Chrome,0,0,0
70.0288371716856,200.6936991689369,6.9679284442159615,0,Anantapur,Dell Laptop,Chrome,0,0,0
59.322975180854925,149.5973187992612,13.573064415403014,0,Anantapur,Dell Laptop,Chrome,1,0,0
52.60734322394851,161.99107020949313,9.999782598248512,0,Anantapur,Dell Laptop,Chrome,0,0,0
44.75254083325235,134.81223473514518,17.26105014564785,0,Anantapur,Office Desktop,Chrome,0,0,0
66.06443403333861,117.8746935381389,20.612903834140063,0,Anantapur,Office Desktop,Chrome,0,0,0
55.12363624605543,157.53337916709094,10.600480902848929,0,Anantapur,Dell Laptop,Chrome,0,0,0
72.83737820296288,150.67668036055048,14.172834715263644,0,Anantapur,Dell Laptop,Chrome,0,0,0
63.61747700942465,147.94735943784178,6.002256413884549,0,Anantapur,Dell Laptop,Chrome,0,0,0
65.5828860204304,159.12921344036528,12.14704506341583,0,Anantapur,Office Desktop,Chrome,0,0,0
61.95750101843659,103.85208959786608,15.48082057604757,0,Anantapur,Dell Laptop,Chrome,0,0,0
63.56483328546529,167.50547788924533,13.009658290920214,0,Anantapur,Office Desktop,Chrome,0,0,0
71.31720134899692,100.58567562075,5.587396943947558,0,Hyderabad,Office Desktop,Chrome,1,0,0
50.9214637934842,162.9458838054038,12.973148809784892,0,Hyderabad,Dell Laptop,Chrome,0,0,0
72.05916207142181,172.20666558478734,10.955030351926284,0,Anantapur,Office Desktop,Chrome,0,0,0
64.85676054278392,93.71367985586666,11.999721413094896,0,Anantapur,Dell Laptop,Chrome,1,0,0
54.15876415021779,112.73183917960858,8.924878581283124,0,Hyderabad,Office Desktop,Chrome,1,0,0
62.41682470832454,163.210142171848,10.278340751839583,0,Anantapur,Dell Laptop,Chrome,0,0,0
61.392578911819896,178.40537877651337,14.572248160821722,0,Anantapur,Office Desktop,Chrome,1,0,0
53.68227600909969,172.30528080325948,8.545703582309688,1,Anantapur,Dell Laptop,Chrome,0,0,0
85.96076143836335,129.41558931243043,8.511460853719544,0,Anantapur,Dell Laptop,Chrome,2,0,0
46.789415678188874,128.99524893177096,19.130507691449104,0,Anantapur,Office Desktop,Chrome,0,0,0
65.49599707001073,128.44917431579995,10.786082052364215,0,Anantapur,Dell Laptop,Chrome,0,0,0
62.466003688384646,178.3778758425494,12.047659103828396,0,Anantapur,Dell Laptop,Chrome,0,0,0
62.86693032171651,178.91671932131405,3.281313679615092,1,Anantapur,Dell Laptop,Chrome,0,0,0
67.24560539448808,173.43422002704528,19.13364655176681,0,Anantapur,Dell Laptop,Chrome,0,0,0
63.10604033660522,142.9685274732414,15.467271571766002,0,Anantapur,Office Desktop,Chrome,0,0,0
50.318914300095976,147.95310491064424,11.592271786675902,1,Anantapur,Office Desktop,Chrome,0,0,0
60.695900551280495,112.44744106294084,7.965719268965881,1,Anantapur,Dell Laptop,Chrome,0,0,0
13.49779681324256,525.2819867336343,22.65926064059182,5,Russia,MacBook,Chrome,38,1,1
83.3371458737348,200.32901900000707,9.658648569348635,0,Anantapur,Dell Laptop,Chrome,0,0,0
60.40956167422932,122.23061998213561,10.79971979209791,0,Anantapur,Dell Laptop,Chrome,0,0,0
10.17702214255824,498.1614812661465,22.029909426937483,5,Unknown IP,MacBook,Tor Browser,20,1,1
58.43130668943968,169.95604441312267,15.426791258446261,0,Anantapur,Dell Laptop,Chrome,0,0,0
50.86590716274539,135.77122530033992,11.600252934172538,0,Hyderabad,Dell Laptop,Chrome,0,0,0
68.79902472668317,189.17829104109043,15.952396774838308,0,Anantapur,Office Desktop,Chrome,0,0,0
68.1628664618954,132.4483414505153,12.601129151885551,0,Anantapur,Dell Laptop,Chrome,0,0,0
52.85286516048883,132.059731980482,9.149237499964713,0,Hyderabad,Dell Laptop,Chrome,0,0,0
18.06998102172716,37.40163865698936,3.026015331588227,5,Tor Node,Dell Laptop,Firefox,23,1,1
118.95166671344647,36.49794718219272,21.19950231317442,2,Unknown IP,Unknown Mobile,Tor Browser,30,1,1
72.92104029332174,233.47045840324637,12.03380754693068,0,Anantapur,Office Desktop,Chrome,0,0,0
54.26171965086152,186.21896791063875,10.505812656553982,0,Anantapur,Dell Laptop,Chrome,1,0,0
44.501560002146014,125.43438180380576,12.91908021988841,0,Anantapur,Dell Laptop,Chrome,0,0,0
15.482908227936768,30.43717923721643,23.670275445787556,2,Anantapur,Unknown Mobile,Chrome,13,1,1
61.327841101006015,164.85295968024383,10.199691637392448,0,Anantapur,Office Desktop,Chrome,1,0,0
62.71842675910085,207.77673039546983,8.612380267844935,0,Anantapur,Dell Laptop,Chrome,0,0,0
64.19721298632346,181.6244171060959,8.634063304595326,0,Hyderabad,Dell Laptop,Chrome,1,0,0
59.00414708302513,147.5438564622666,7.799217130351905,0,Anantapur,Office Desktop,Chrome,1,0,0
61.78063660030972,163.37963583960928,17.41306363662539,0,Anantapur,Dell Laptop,Chrome,0,0,0
53.02493013995409,89.2800308618994,13.24203449978496,0,Anantapur,Dell Laptop,Chrome,0,0,0
66.98669668346417,165.99442275890382,5.662451359905075,0,Anantapur,Dell Laptop,Chrome,1,0,0
53.682773053696096,156.24548252715044,9.451165191524709,0,Anantapur,Dell Laptop,Chrome,0,0,0
53.05706881799582,129.9227178231048,2.399750122277995,0,Anantapur,Dell Laptop,Chrome,0,0,0
68.20264260852035,170.10831528132508,13.467396680548221,0,Anantapur,Dell Laptop,Chrome,0,0,0
81.54068275662792,102.00900673148328,11.092750322866006,0,Anantapur,Dell Laptop,Chrome,0,0,0
77.56731667027529,162.96724726306257,1.2204942902871068,0,Hyderabad,Office Desktop,Chrome,0,0,0
54.35242114657999,123.43141796768428,15.529616205823181,0,Anantapur,Dell Laptop,Chrome,0,0,0
49.07465971179671,152.61534830391122,19.99257353627066,0,Anantapur,Dell Laptop,Chrome,0,0,0
61.041415985915016,145.96677268207966,5.767543845553587,0,Anantapur,Dell Laptop,Chrome,1,0,0
56.361213979293545,90.3207702813632,4.857114049243284,0,Anantapur,Office Desktop,Chrome,0,0,0
69.7784428511384,97.01766287087767,9.1328363295862,0,Anantapur,Office Desktop,Chrome,0,0,0
47.63754389379582,103.1293799057259,7.92420374002544,0,Hyderabad,Dell Laptop,Chrome,0,0,0
55.59759540371393,168.27511157470076,22.334437847639734,0,Anantapur,Dell Laptop,Chrome,0,0,0
17.362457942036123,441.2188110638306,0.10904359383707174,2,Russia,MacBook,Tor Browser,35,1,1
57.45557674382388,157.20731988388297,17.13572457690649,0,Anantapur,Dell Laptop,Chrome,0,0,0
5.916787331418099,340.7712578346428,23.307004600322745,4,Russia,Unknown Mobile,Firefox,15,1,1
50.31191915658269,166.60634185482562,13.251191846209046,0,Anantapur,Dell Laptop,Chrome,1,0,0
15.103181871231909,571.8904257598505,23.035957657419406,5,Unknown IP,Dell Laptop,Tor Browser,19,1,1
54.54146075626788,128.30753916745513,12.574412080257206,1,Anantapur,Office Desktop,Chrome,0,0,0
12.66263230564626,35.459239073649876,2.213147419696468,2,Russia,MacBook,Tor Browser,29,1,1
69.33471458168735,164.1581349085614,12.644235190693458,0,Anantapur,Dell Laptop,Chrome,0,0,0
53.891604636514984,155.51737049217826,11.030524260650992,0,Anantapur,Dell Laptop,Chrome,0,0,0
67.65797022410217,141.90153700831195,7.925113443856913,0,Anantapur,Dell Laptop,Chrome,1,0,0
52.35478806620802,165.15435868016982,10.60266762370579,0,Anantapur,Office Desktop,Chrome,1,0,0
53.17375075231597,177.447205184446,8.36220522500626,0,Anantapur,Dell Laptop,Chrome,0,0,0
54.494248530971,178.51961249349498,8.308087361591273,0,Hyderabad,Office Desktop,Chrome,0,0,0
44.85566707669705,142.28473137049983,13.958855077920637,1,Anantapur,Dell Laptop,Chrome,0,0,0
51.18538902618954,130.59736590575733,17.322108051629343,0,Hyderabad,Office Desktop,Chrome,0,0,0
54.189271175226786,218.16870452553565,10.475611021967609,0,Anantapur,Office Desktop,Chrome,0,0,0
62.10956455359241,170.50241425023606,13.8717069417184,0,Anantapur,Dell Laptop,Chrome,0,0,0
57.624824531889765,69.31654581351145,11.896148049846461,0,Anantapur,Dell Laptop,Chrome,0,0,0
59.973811587960846,176.42902758160176,7.15056524761829,0,Anantapur,Dell Laptop,Chrome,0,0,0
68.1503380965087,139.17369201786352,9.821352759921378,0,Anantapur,Office Desktop,Chrome,0,0,0
60.26398095534451,112.4689945715541,14.033973849785383,0,Anantapur,Office Desktop,Chrome,1,0,0
61.937050866128494,134.50626281328607,15.858452193641625,0,Anantapur,Dell Laptop,Chrome,0,0,0
51.99335888224825,136.8493571822065,15.956854439675876,0,Anantapur,Office Desktop,Chrome,1,0,0
44.467211063921965,152.90661443991644,10.569108154684328,0,Anantapur,Dell Laptop,Chrome,0,0,0
62.623019665500756,147.8434825544489,11.336486275617677,0,Anantapur,Dell Laptop,Chrome,0,0,0
144.20125638493843,12.933837318275003,0.1626186084708401,4,Anantapur,MacBook,Tor Browser,6,1,1
59.49355436311205,135.22694546481398,9.992502232838946,0,Hyderabad,Dell Laptop,Chrome,0,0,0
57.21812455222355,170.57942095694952,15.966879598728069,0,Hyderabad,Dell Laptop,Chrome,0,0,0
53.36355197822001,87.14393259939297,14.233874898401762,0,Anantapur,Dell Laptop,Chrome,0,0,0
64.48918794059564,155.54177626282626,10.229551524765737,0,Anantapur,Dell Laptop,Chrome,0,0,0
60.38103533168457,137.71569033570708,11.046586007997309,0,Anantapur,Office Desktop,Chrome,1,0,0
56.42751283298974,167.60425914507667,11.490022228653187,0,Hyderabad,Office Desktop,Chrome,0,0,0
34.951852756312825,159.16032623703418,14.688961166774808,0,Hyderabad,Dell Laptop,Chrome,2,0,0
81.18241876557286,127.87194842433544,13.4338420079387,1,Anantapur,Dell Laptop,Chrome,0,0,0
70.59189008973986,190.73235174269124,23.11432177113819,0,Anantapur,Office Desktop,Chrome,0,0,0
63.24997254414547,132.26876455726872,13.579444400267889,0,Anantapur,Dell Laptop,Chrome,0,0,0
63.3194793499333,173.08658546681465,13.848786420312544,0,Anantapur,Dell Laptop,Chrome,0,0,0
66.41073847558853,151.6928084800524,14.696740807956544,0,Anantapur,Office Desktop,Chrome,0,0,0
54.29123614735714,121.43804586797002,10.096292268288813,0,Hyderabad,Dell Laptop,Chrome,0,0,0
80.5697817101988,117.45349599358767,15.566207660916021,0,Anantapur,Dell Laptop,Chrome,1,0,0
54.536156935293945,124.66113395312655,17.388382090931685,0,Anantapur,Office Desktop,Chrome,0,0,0
163.7735622553754,34.04787498936848,2.463027057595721,4,Tor Node,Dell Laptop,Chrome,7,1,1
60.09029440320932,142.37138259931072,16.794808822266965,0,Anantapur,Dell Laptop,Chrome,1,0,0
39.20631785599079,174.63274452566856,11.681908674607872,0,Anantapur,Dell Laptop,Chrome,0,0,0
65.21579191327768,117.17676342682137,14.629502860144342,0,Anantapur,Dell Laptop,Chrome,0,0,0
38.329418778254755,141.09445389161417,12.520572794426354,0,Anantapur,Dell Laptop,Chrome,0,0,0
65.50700891393888,172.94644284906133,10.36041695334439,0,Anantapur,Dell Laptop,Chrome,0,0,0
72.04731021142753,141.4541408550319,14.616574327625678,0,Anantapur,Office Desktop,Chrome,0,0,0
40.04433231595664,112.68294704894315,4.634099627995133,0,Anantapur,Dell Laptop,Chrome,0,0,0
6.0244697891807295,356.66334065334155,2.3036514787999702,3,Russia,Unknown Mobile,Chrome,42,1,1
55.81065932802747,123.09149162826643,11.074192913785383,0,Hyderabad,Dell Laptop,Chrome,0,0,0
61.7846285239122,200.74156582473125,14.056154806854913,0,Anantapur,Dell Laptop,Chrome,0,0,0
52.50105276318787,132.6743593304896,15.406677265089572,0,Anantapur,Dell Laptop,Chrome,0,0,0
72.38103973802195,147.7506683997447,12.532287689330277,0,Anantapur,Dell Laptop,Chrome,0,0,0
50.62358488708112,172.22709414690007,13.132399722550812,0,Hyderabad,Dell Laptop,Chrome,0,0,0
52.880612646403726,170.90442441993167,14.520336243278074,0,Anantapur,Dell Laptop,Chrome,0,0,0
67.83912576961802,126.24353173079967,15.007580567454639,1,Anantapur,Office Desktop,Chrome,0,0,0
63.34756617549722,175.23050967154967,13.639898169474904,0,Hyderabad,Dell Laptop,Chrome,0,0,0
41.35700522007829,154.77806921643668,11.312313887025386,0,Anantapur,Office Desktop,Chrome,0,0,0
59.88279579044547,143.58482108061727,16.57136206752135,0,Hyderabad,Dell Laptop,Chrome,0,0,0
56.21302700654735,162.1460969184226,11.497613412684387,0,Anantapur,Dell Laptop,Chrome,0,0,0
153.6976232389005,429.7708211495858,22.05030506178603,3,Unknown IP,Unknown Mobile,Firefox,20,1,1
47.03669273788651,167.33876359136218,18.451672022598483,0,Anantapur,Dell Laptop,Chrome,1,0,0
158.93455862458214,3.962403950734547,22.145525566496268,3,Russia,MacBook,Tor Browser,22,1,1
167.90529512826205,19.900822865158165,2.76802897402657,3,Unknown IP,Unknown Mobile,Firefox,47,1,1
51.10787599406818,131.68519110128804,10.516737710192109,0,Anantapur,Dell Laptop,Chrome,0,0,0
60.5815519935338,140.14339001197644,9.334865674193193,0,Anantapur,Dell Laptop,Chrome,0,0,0
50.52057624542945,155.8942326227183,9.723042977366093,0,Anantapur,Dell Laptop,Chrome,1,0,0
51.049729640925236,143.863316615159,16.805496555810134,0,Anantapur,Dell Laptop,Chrome,0,0,0
60.215767566996405,143.86940858080138,19.330470165945936,0,Anantapur,Office Desktop,Chrome,0,0,0
54.077346557413094,160.3267216083795,13.360255508765997,0,Anantapur,Office Desktop,Chrome,1,0,0
63.290082376563994,226.41611398264905,14.867417521506438,0,Anantapur,Office Desktop,Chrome,2,0,0
66.59005308140054,163.4883008135202,2.622733404405599,0,Anantapur,Dell Laptop,Chrome,1,0,0
55.747310586389474,191.98825233009796,10.596610234524652,0,Hyderabad,Dell Laptop,Chrome,0,0,0
52.65457722016913,200.32433456037842,13.475257179477978,0,Anantapur,Office Desktop,Chrome,0,0,0
54.37787285933031,124.50529895724426,7.119464414102839,0,Hyderabad,Dell Laptop,Chrome,0,0,0
79.92471990017279,158.76451814474663,10.5379922472954,0,Anantapur,Dell Laptop,Chrome,0,0,0
69.4959500780459,114.29301838137008,16.748684878636077,0,Anantapur,Dell Laptop,Chrome,0,0,0
64.09978256506811,121.98469345250412,18.85130715949407,0,Anantapur,Office Desktop,Chrome,0,0,0
57.99404547368138,144.2738146753278,5.16052622387285,0,Anantapur,Dell Laptop,Chrome,0,0,0
66.2381323235683,163.11486132115803,6.680317163123503,0,Anantapur,Dell Laptop,Chrome,0,0,0
53.490112169090295,176.93212657234722,16.415206747145398,0,Anantapur,Office Desktop,Chrome,0,0,0
64.11787624458742,104.26263304251681,11.419818833289327,0,Anantapur,Dell Laptop,Chrome,0,0,0
10.756772717219103,7.13311563790894,3.1660695816179625,5,Unknown IP,Unknown Mobile,Tor Browser,14,1,1
45.85500234213756,108.02623976794597,4.518504622463447,0,Anantapur,Dell Laptop,Chrome,0,0,0
33.96631685324053,122.41204583400571,8.413658109494554,0,Anantapur,Dell Laptop,Chrome,0,0,0
49.65186649320705,181.5036169999251,5.048491688767948,1,Anantapur,Dell Laptop,Chrome,0,0,0
39.105495678777345,105.8529063520044,20.093303823872212,0,Anantapur,Dell Laptop,Chrome,1,0,0
57.8941278637228,163.7029244433076,9.62139181918218,0,Anantapur,Office Desktop,Chrome,1,0,0
47.442516697922926,164.98987358021205,19.021997916575554,0,Anantapur,Dell Laptop,Chrome,0,0,0
73.50200982028686,169.00291714536166,15.39939245386012,0,Anantapur,Dell Laptop,Chrome,0,0,0
60.428781360721906,166.11292515961713,14.574781980224476,0,Anantapur,Dell Laptop,Chrome,0,0,0
58.448829595317996,206.80903340304974,8.743765431639998,0,Hyderabad,Dell Laptop,Chrome,0,0,0
42.57186821547484,172.5052094335112,16.745937513446876,0,Anantapur,Dell Laptop,Chrome,1,0,0
109.16337218410956,35.958645585932906,2.4298787122460723,5,Russia,Unknown Mobile,Tor Browser,7,1,1
71.40118210694274,138.645331099289,11.501609827787156,0,Anantapur,Dell Laptop,Chrome,0,0,0
45.49085536768777,152.21263187323814,13.816294414413878,0,Hyderabad,Dell Laptop,Chrome,1,0,0
74.41107182615417,164.691840168743,13.335842453937158,1,Anantapur,Dell Laptop,Chrome,0,0,0
51.09938310119028,187.00477288837592,12.300264601821896,0,Anantapur,Dell Laptop,Chrome,0,0,0
53.56160089147815,178.1816492715247,6.129722426773586,0,Anantapur,Dell Laptop,Chrome,0,0,0
49.95560566397377,84.30605434036765,13.666885172240287,0,Anantapur,Office Desktop,Chrome,2,0,0
0.0,609.4828359519684,23.879662156455126,4,Russia,Unknown Mobile,Firefox,6,1,1
55.74876857053256,122.79130163420827,0.7213941015322618,1,Anantapur,Dell Laptop,Chrome,0,0,0
52.55860987178505,159.42210759348418,16.780308905315522,0,Anantapur,Dell Laptop,Chrome,0,0,0
0.5464193261421961,380.07209449228696,3.204664895833474,4,Anantapur,Unknown Mobile,Tor Browser,8,1,1
55.513056398746194,144.16961412924962,9.082769877756714,0,Hyderabad,Office Desktop,Chrome,0,0,0
53.27292778521121,159.1725709528436,11.358173085033984,1,Anantapur,Dell Laptop,Chrome,0,0,0
57.11995701748356,186.2623380893506,14.375872724366033,0,Anantapur,Office Desktop,Chrome,0,0,0
63.98778699010591,137.3770191600663,9.48528441939674,0,Anantapur,Dell Laptop,Chrome,0,0,0
54.639185563554165,139.47443700174284,11.446139656409413,0,Anantapur,Office Desktop,Chrome,0,0,0
57.48644847114011,178.43424109657286,7.783460975476113,0,Hyderabad,Dell Laptop,Chrome,0,0,0
72.79056873235545,135.80529584283113,12.249590681015526,0,Anantapur,Dell Laptop,Chrome,2,0,0
76.88407191638845,119.68109247796384,19.051237126715993,0,Anantapur,Office Desktop,Chrome,0,0,0
80.75484262571479,179.15896225273727,14.794396438135042,0,Anantapur,Dell Laptop,Chrome,0,0,0
42.204757403876044,132.1451417119022,15.331656655084783,0,Anantapur,Office Desktop,Chrome,0,0,0
71.62950840728024,124.53332561003124,13.793834465624512,0,Anantapur,Dell Laptop,Chrome,1,0,0
50.21430121125634,167.8023892956706,10.53414169108073,0,Anantapur,Dell Laptop,Chrome,0,0,0
41.42425173705648,188.83556804050286,9.91700399468023,0,Hyderabad,Dell Laptop,Chrome,0,0,0
51.32748920431677,186.05047781650828,5.640793125460939,0,Anantapur,Dell Laptop,Chrome,0,0,0
71.70904418852129,140.01698958190448,12.020438416025238,0,Anantapur,Dell Laptop,Chrome,0,0,0
5.921734085206109,386.66799018901725,3.1803055739439543,4,Anantapur,MacBook,Firefox,8,1,1
73.35745720815586,121.71270851485409,7.51792199703931,1,Anantapur,Office Desktop,Chrome,2,0,0
65.4893092191101,118.54374689522899,8.818995448539038,0,Anantapur,Dell Laptop,Chrome,0,0,0
60.163209836248825,156.9086312839009,13.221487978735583,0,Anantapur,Office Desktop,Chrome,0,0,0
50.329546604263754,172.0239422417137,9.935928078949804,0,Anantapur,Dell Laptop,Chrome,1,0,0
157.65121051007552,8.706338632454651,2.4071655221801724,2,Russia,MacBook,Firefox,22,1,1
56.74594682214985,146.4694446882486,6.380742684162477,0,Anantapur,Dell Laptop,Chrome,0,0,0
61.86443013251857,194.22433139179705,6.458460442584975,0,Hyderabad,Office Desktop,Chrome,0,0,0
66.29167199544223,173.5191931141142,10.811701050720744,0,Anantapur,Office Desktop,Chrome,0,0,0
66.36509559327656,110.89905621416668,8.96276414466595,0,Anantapur,Dell Laptop,Chrome,0,0,0
45.853318905725644,183.6689333517228,13.25206317461269,0,Anantapur,Dell Laptop,Chrome,0,0,0
65.64971277926047,188.66027868605357,9.387258852391902,0,Anantapur,Dell Laptop,Chrome,0,0,0
52.147938147917,111.01345247364185,5.827676022339952,0,Anantapur,Dell Laptop,Chrome,0,0,0
51.331425719221244,163.2932299414729,15.963833287231283,0,Hyderabad,Office Desktop,Chrome,0,0,0
73.65622773709168,136.8393953723826,19.519735316844823,0,Anantapur,Dell Laptop,Chrome,0,0,0
79.39427275205094,208.0438591640163,20.252020167411573,0,Anantapur,Dell Laptop,Chrome,0,0,0
78.75184255471048,210.84836923676306,9.89361299131296,0,Anantapur,Dell Laptop,Chrome,0,0,0
63.14389948790241,132.3344691464904,12.585436834062104,0,Anantapur,Dell Laptop,Chrome,1,0,0
55.801416573674004,177.79710336196712,13.368882422324807,1,Anantapur,Dell Laptop,Chrome,0,0,0
64.19236481937342,151.01137987201287,10.206663737297264,0,Anantapur,Dell Laptop,Chrome,1,0,0
63.95901220856008,114.46273375617054,10.508811287269879,1,Hyderabad,Office Desktop,Chrome,0,0,0
67.96536209892784,177.1144972108351,20.009008178157742,0,Hyderabad,Dell Laptop,Chrome,0,0,0
69.03874482916834,190.88707172443307,12.115059974237175,0,Hyderabad,Dell Laptop,Chrome,0,0,0
49.372520492163815,141.92210605109167,15.335954326889489,0,Anantapur,Office Desktop,Chrome,0,0,0
68.03906307864077,198.74166343891426,15.386882311069169,0,Anantapur,Dell Laptop,Chrome,1,0,0
39.329445066304714,168.27736371047058,13.210159576255066,0,Anantapur,Dell Laptop,Chrome,0,0,0
63.08019104565794,138.52673805063566,11.945664474991814,0,Hyderabad,Dell Laptop,Chrome,0,0,0
48.064138171238454,173.51037604420858,8.434921773563344,0,Anantapur,Dell Laptop,Chrome,0,0,0
73.38954636275534,67.70443224821257,8.827679148735179,0,Anantapur,Dell Laptop,Chrome,0,0,0
136.49586370788532,408.7509235246216,23.589971245434235,4,Russia,MacBook,Chrome,25,1,1
70.72976693186985,147.79258859652637,10.929636887621633,0,Anantapur,Dell Laptop,Chrome,0,0,0
64.77002045699982,127.97239200677716,21.127763839896293,0,Anantapur,Dell Laptop,Chrome,2,0,0
63.627864351668144,112.63082129513464,4.878317661005806,0,Anantapur,Office Desktop,Chrome,1,0,0
64.99132611518996,219.5755075503004,19.70813257284531,0,Anantapur,Dell Laptop,Chrome,0,0,0
49.3286734086912,97.16942324548697,10.623760745522892,0,Anantapur,Dell Laptop,Chrome,0,0,0
66.72104388422638,161.82406546773527,17.78750197366494,0,Anantapur,Office Desktop,Chrome,0,0,0
63.519360853631866,191.12660938101033,13.14296614857183,0,Anantapur,Dell Laptop,Chrome,0,0,0
139.04747341247747,459.4110661142924,23.57297949806622,5,Unknown IP,MacBook,Chrome,36,1,1
57.06887683193595,153.64635862450993,8.121434046591682,0,Anantapur,Dell Laptop,Chrome,0,0,0
68.42228879545894,114.62177477523065,10.713397284234555,0,Anantapur,Office Desktop,Chrome,0,0,0
49.8533745617538,128.5274669342657,3.077118227463586,0,Hyderabad,Dell Laptop,Chrome,0,0,0
178.38480450083307,431.81717780105856,22.50869861263575,3,Unknown IP,Unknown Mobile,Tor Browser,15,1,1
75.05523230661586,162.63837032997617,5.1300932278475235,0,Hyderabad,Dell Laptop,Chrome,0,0,0
52.291438814177894,104.5552826332623,8.431477393423961,0,Anantapur,Dell Laptop,Chrome,0,0,0
43.517549264660545,143.7069689084747,6.384215190012057,0,Hyderabad,Office Desktop,Chrome,0,0,0
136.3135819973081,403.8869905796208,21.660056378191115,2,Unknown IP,Unknown Mobile,Chrome,25,1,1
55.21739824721209,168.45398216231177,5.401876301058395,0,Anantapur,Dell Laptop,Chrome,0,0,0
64.29590783858394,75.90324604578228,13.903829910764411,0,Anantapur,Dell Laptop,Chrome,0,0,0
58.95695336569972,154.8885350890454,11.145687760113976,0,Anantapur,Dell Laptop,Chrome,2,0,0
47.63624732817235,148.4240839213474,17.47629583755731,0,Anantapur,Office Desktop,Chrome,1,0,0
6.660438485543736,29.530444836926947,3.186757095242688,4,Russia,Unknown Mobile,Tor Browser,8,1,1
54.020058428636936,90.15850681164193,13.235781787265736,0,Hyderabad,Dell Laptop,Chrome,0,0,0
11.822340110122354,22.91482792902446,5.039664423503525,5,Unknown IP,Unknown Mobile,Tor Browser,48,1,1
48.6841688641441,114.96496521224753,10.485044919203645,0,Anantapur,Dell Laptop,Chrome,0,0,0
74.77833333637943,162.96142832523464,10.257905323189856,0,Anantapur,Dell Laptop,Chrome,1,0,0
65.5799405927054,109.5179954906674,15.325816599234269,0,Hyderabad,Dell Laptop,Chrome,0,0,0
37.16981330049177,134.90823668186505,17.451016565529763,0,Anantapur,Dell Laptop,Chrome,0,0,0
62.9605630114025,165.1991422345276,5.985540986254913,0,Anantapur,Dell Laptop,Chrome,0,0,0
67.5371464911256,149.67600906417087,12.628764145782847,0,Hyderabad,Dell Laptop,Chrome,0,0,0
67.92618087442422,99.605513196672,8.81539452098404,0,Hyderabad,Dell Laptop,Chrome,1,0,0
56.50039230746889,151.1447425337905,17.80913398075256,0,Anantapur,Office Desktop,Chrome,1,0,0
179.0970859703051,6.511008446064688,1.4259279509119027,4,Unknown IP,Unknown Mobile,Chrome,47,1,1
65.222044527586,120.9732581845973,15.960779883227698,0,Anantapur,Dell Laptop,Chrome,0,0,0
77.72911181563916,151.95074550024333,16.666866568839662,0,Anantapur,Dell Laptop,Chrome,0,0,0
62.851792921488425,162.94462408611173,10.503813922888739,0,Anantapur,Dell Laptop,Chrome,2,0,0
67.30076582807513,146.12500176868485,6.10582550567467,0,Anantapur,Dell Laptop,Chrome,0,0,0
63.813620999032004,217.15173128597942,3.9022850610080226,0,Anantapur,Dell Laptop,Chrome,0,0,0
63.741523912313696,153.03824746882313,8.900603679298985,0,Hyderabad,Office Desktop,Chrome,1,0,0
69.05488366704208,159.249803301226,6.730599249580668,0,Hyderabad,Dell Laptop,Chrome,0,0,0
56.97854840481684,128.0612302020878,9.69072292876886,0,Anantapur,Dell Laptop,Chrome,1,0,0
66.281840995487,135.40864338675257,9.756131279067766,0,Anantapur,Dell Laptop,Chrome,0,0,0
41.17428999418988,180.88399902948305,13.036413971187073,0,Anantapur,Dell Laptop,Chrome,0,0,0
60.76291058470483,171.74761690953346,10.900161236985584,0,Anantapur,Dell Laptop,Chrome,0,0,0
102.09726536414753,130.88843135103372,9.911719941864739,0,Anantapur,Dell Laptop,Chrome,0,0,0
66.4556750393202,188.55657984563425,12.505276744496006,0,Anantapur,Office Desktop,Chrome,0,0,0
174.28766764152817,584.2149325881137,3.6852094067134127,5,Unknown IP,MacBook,Chrome,28,1,1
46.16026777119774,145.56269831973432,14.478809863628408,0,Anantapur,Office Desktop,Chrome,1,0,0
60.48662365818066,146.1235568320089,12.759783079059632,0,Hyderabad,Dell Laptop,Chrome,0,0,0
80.36631851287731,138.3807576967416,12.931021984977193,0,Hyderabad,Dell Laptop,Chrome,1,0,0
57.6457966741332,189.4178186231067,14.929869716677214,0,Anantapur,Dell Laptop,Chrome,0,0,0
55.158584936651295,137.33655344657714,14.269144570113854,0,Anantapur,Dell Laptop,Chrome,1,0,0
46.65895803579114,120.12815780862837,7.459007509535694,0,Anantapur,Dell Laptop,Chrome,0,0,0
65.23004053259706,119.22365373779881,7.0350876449171045,0,Anantapur,Dell Laptop,Chrome,0,0,0
52.58276738808807,137.94751977106176,21.445811564879236,0,Anantapur,Dell Laptop,Chrome,0,0,0
64.48111413889501,199.55599230655878,19.21962142890893,0,Anantapur,Dell Laptop,Chrome,1,0,0
64.81643255565346,159.8663827026168,11.213583144695969,0,Anantapur,Dell Laptop,Chrome,0,0,0
51.94674203054112,164.39817091479145,8.466288197748458,0,Anantapur,Dell Laptop,Chrome,1,0,0
39.115708418129344,125.95463862325832,14.03440117029145,0,Anantapur,Office Desktop,Chrome,1,0,0
59.58349256527218,172.29880199789443,6.463392648282822,0,Anantapur,Office Desktop,Chrome,0,0,0
57.04344729577088,150.3256831020934,15.099568417069406,0,Hyderabad,Dell Laptop,Chrome,0,0,0
65.09292811173225,144.81401594060407,11.014274762970217,0,Anantapur,Dell Laptop,Chrome,0,0,0
72.06916385850418,172.34698827154193,11.7227248249687,0,Anantapur,Dell Laptop,Chrome,1,0,0
71.72562265517799,177.24068899457956,19.679040106097183,0,Anantapur,Dell Laptop,Chrome,0,0,0
47.16688604746952,171.20123630216682,11.007465296212507,0,Anantapur,Dell Laptop,Chrome,1,0,0
72.98507595263872,122.66589749162756,1.8691742441709724,1,Anantapur,Dell Laptop,Chrome,0,0,0
82.04438914566552,162.8617422503276,10.691655830345464,0,Anantapur,Office Desktop,Chrome,1,0,0
67.31681870220501,134.04941375493877,11.799264711502781,0,Anantapur,Dell Laptop,Chrome,0,0,0
39.91098589789963,156.97406637781287,12.655766427209294,0,Anantapur,Office Desktop,Chrome,0,0,0
55.34814261386058,136.4035088995842,14.41087468847757,0,Anantapur,Office Desktop,Chrome,1,0,0
0.0,24.525629493655067,3.263265390579986,2,Russia,Dell Laptop,Firefox,8,1,1
69.75467105792804,104.86738079423722,10.89958371877526,0,Anantapur,Dell Laptop,Chrome,0,0,0
73.17512946613022,100.98744569754481,14.089196253614823,0,Anantapur,Dell Laptop,Chrome,2,0,0
61.80212517484745,112.48609591255652,3.814908179519188,0,Hyderabad,Office Desktop,Chrome,0,0,0
59.493919461246385,179.74992773644976,13.898911337191265,0,Anantapur,Office Desktop,Chrome,2,0,0
5.872184420137165,495.63554332564655,3.9040416862124596,3,Russia,MacBook,Firefox,32,1,1
50.56383978670978,120.7741396784016,7.756700300685522,0,Anantapur,Office Desktop,Chrome,0,0,0
56.97957484013834,150.88964041994134,10.052608614917741,0,Anantapur,Dell Laptop,Chrome,1,0,0
54.5737241794822,141.6544472483185,6.218313188377221,0,Anantapur,Dell Laptop,Chrome,0,0,0
61.595023443965346,177.92462152510313,10.073148445421326,0,Anantapur,Dell Laptop,Chrome,0,0,0
59.55940040049164,151.262171381299,8.724571665442834,0,Anantapur,Dell Laptop,Chrome,0,0,0
60.114901241372216,127.40109906053547,11.999447700074699,0,Anantapur,Dell Laptop,Chrome,1,0,0
42.714039263413426,155.80218717764063,12.614010538024559,0,Anantapur,Dell Laptop,Chrome,0,0,0
65.5838308865832,177.59298438026013,7.624650678072515,0,Anantapur,Dell Laptop,Chrome,0,0,0
48.51435833542257,152.7569418103947,12.117842428696186,0,Anantapur,Dell Laptop,Chrome,1,0,0
58.62115763774503,173.2997740197166,13.146695635906488,0,Anantapur,Office Desktop,Chrome,0,0,0
73.0067910347169,153.72566973550408,11.858108674237156,0,Anantapur,Dell Laptop,Chrome,0,0,0
49.63277085210214,173.76115054461215,10.43738461093454,0,Anantapur,Dell Laptop,Chrome,1,0,0
77.36987343220235,187.29163296326502,8.257301253302069,0,Anantapur,Dell Laptop,Chrome,2,0,0
75.42085322103628,148.31850379329168,16.782186309600434,0,Anantapur,Office Desktop,Chrome,0,0,0
81.04336699766567,143.56586359749912,12.973525621344967,0,Anantapur,Office Desktop,Chrome,0,0,0
62.33557929713278,164.04114247396421,18.678622494279818,0,Hyderabad,Dell Laptop,Chrome,0,0,0
48.640619658784075,169.27341865208933,19.213072292799904,0,Anantapur,Office Desktop,Chrome,0,0,0
143.66240044399066,385.1636481500969,23.99676797186643,3,Russia,Dell Laptop,Firefox,30,1,1
68.27067482061129,189.16856486794458,12.674633564908383,0,Hyderabad,Office Desktop,Chrome,0,0,0
48.102700190642814,143.0578663454651,12.405069177574493,0,Hyderabad,Office Desktop,Chrome,0,0,0
58.62564359172923,115.00645729382968,10.812526590189746,0,Anantapur,Dell Laptop,Chrome,0,0,0
62.22139336720836,146.7061017961135,19.32178132241562,0,Anantapur,Office Desktop,Chrome,1,0,0
50.85926401361699,143.32495904580972,15.10112685679233,0,Anantapur,Dell Laptop,Chrome,0,0,0
14.43945235414342,28.331965433190987,23.570418126706805,2,Tor Node,Unknown Mobile,Firefox,45,1,1
77.15867599875972,178.44120247163357,13.678298904563409,0,Anantapur,Office Desktop,Chrome,1,0,0
70.86099701803802,187.9899399129024,15.71132544110143,0,Anantapur,Dell Laptop,Chrome,0,0,0
68.43066189117118,168.97280715540316,10.187591148834525,0,Anantapur,Office Desktop,Chrome,0,0,0
59.28705669943221,109.20773431804164,16.620401607116506,0,Anantapur,Office Desktop,Chrome,0,0,0
67.70268573520089,167.32968656300295,9.649381592102346,0,Anantapur,Dell Laptop,Chrome,0,0,0
76.21614307460345,153.35922377921247,10.843777112322856,0,Anantapur,Dell Laptop,Chrome,0,0,0
50.415735991123945,149.26801790720643,12.815183353367999,0,Anantapur,Dell Laptop,Chrome,0,0,0
57.21253205824292,188.45638526717534,7.055767855638824,0,Anantapur,Office Desktop,Chrome,0,0,0
44.16931511725668,160.12368349798726,11.889659584244901,0,Hyderabad,Dell Laptop,Chrome,0,0,0
59.221615452460185,139.70376378210327,2.904578312426075,0,Anantapur,Office Desktop,Chrome,0,0,0
55.5631723721346,165.6320307683219,21.232162928272487,0,Anantapur,Dell Laptop,Chrome,0,0,0
74.27782189057771,150.70722288553782,12.302865786617032,0,Anantapur,Office Desktop,Chrome,0,0,0
65.17076618652933,120.30008061350603,13.52251330721133,0,Anantapur,Office Desktop,Chrome,0,0,0
60.525824433884566,155.70107834686007,9.153113786804152,0,Anantapur,Office Desktop,Chrome,2,0,0
42.039207699872435,159.11466964687,11.643224090487575,0,Anantapur,Dell Laptop,Chrome,0,0,0
50.045709578566495,149.32947553961043,10.230490576484248,0,Anantapur,Office Desktop,Chrome,0,0,0
48.794501812810395,132.51487344063165,20.654844816406936,0,Anantapur,Dell Laptop,Chrome,1,0,0
176.09763018757283,22.611684024668847,2.3783176786937616,3,Russia,Unknown Mobile,Chrome,22,1,1
66.63143213885608,163.4389267478373,4.742107663422006,0,Anantapur,Dell Laptop,Chrome,0,0,0
54.87528985192135,172.75629616331685,15.144962917506302,0,Anantapur,Dell Laptop,Chrome,0,0,0
53.12052416165254,122.29853512321125,17.1126436915985,0,Hyderabad,Dell Laptop,Chrome,1,0,0
69.99356468660417,112.0892845021084,15.597967400021048,0,Anantapur,Office Desktop,Chrome,1,0,0
68.43566265949508,169.62942947573694,13.759935709060032,1,Anantapur,Office Desktop,Chrome,1,0,0
66.96434326061181,118.0006785925842,13.084334255462103,0,Anantapur,Office Desktop,Chrome,0,0,0
72.36449384125987,174.46448138013378,14.216822546946482,0,Anantapur,Office Desktop,Chrome,0,0,0
61.98827426034813,164.12153055017671,22.049139530191123,0,Anantapur,Dell Laptop,Chrome,0,0,0
52.80758746980783,168.93648233588902,8.522243927744922,0,Anantapur,Dell Laptop,Chrome,0,0,0
56.13488427588528,170.55212435798626,10.717352845775329,0,Hyderabad,Office Desktop,Chrome,0,0,0
52.090437005121785,112.41653842715755,21.9290831755172,0,Anantapur,Dell Laptop,Chrome,0,0,0
67.1086654328218,180.81472971989854,3.9989975308795813,0,Anantapur,Dell Laptop,Chrome,0,0,0
59.90985247309475,144.57631522035814,15.001595356189872,0,Hyderabad,Office Desktop,Chrome,0,0,0
70.73430134883093,134.69936462960615,11.149794275432091,0,Hyderabad,Dell Laptop,Chrome,0,0,0
51.956917686268135,140.32761865986836,13.889605858069347,0,Anantapur,Office Desktop,Chrome,1,0,0
60.873227774605134,198.19967247890114,12.874995246155029,0,Anantapur,Dell Laptop,Chrome,0,0,0
171.53118185539813,430.9297020321939,23.759943565259384,2,Tor Node,MacBook,Tor Browser,41,1,1
72.03313423253846,132.06801985850348,10.117558125154872,0,Anantapur,Dell Laptop,Chrome,0,0,0
60.97504153701084,146.22715205253823,15.273633602294437,0,Anantapur,Office Desktop,Chrome,0,0,0
53.47551722837233,131.14447910027855,5.793588424493636,0,Anantapur,Dell Laptop,Chrome,0,0,0
48.972671536321926,84.17253620605571,15.779755338327092,0,Hyderabad,Dell Laptop,Chrome,0,0,0
64.92440854231037,116.76824272598256,8.104153893579774,0,Anantapur,Dell Laptop,Chrome,1,0,0
68.35753776615375,109.48222347005785,20.101178687413473,0,Anantapur,Dell Laptop,Chrome,0,0,0
55.31820321157126,157.4633011849018,5.51187489177213,0,Anantapur,Dell Laptop,Chrome,0,0,0
61.8983225773882,164.23615480021286,11.279875881165651,0,Anantapur,Dell Laptop,Chrome,1,0,0
49.55411767943954,156.96161115068588,19.75490669742441,0,Anantapur,Office Desktop,Chrome,0,0,0
39.33408196656113,143.36235258922227,13.216895678756499,1,Anantapur,Dell Laptop,Chrome,0,0,0
53.74372951748447,152.76223533605778,10.183893723120486,1,Anantapur,Dell Laptop,Chrome,0,0,0
43.6846297440559,165.08204948791987,17.07918052061364,0,Anantapur,Dell Laptop,Chrome,0,0,0
75.49025364739866,119.50399758561383,14.345794217268438,1,Anantapur,Dell Laptop,Chrome,0,0,0
58.3470027306714,187.73256424413375,14.957538577485254,0,Anantapur,Dell Laptop,Chrome,0,0,0
73.63082598844787,142.37026854984413,10.84306036522068,0,Anantapur,Dell Laptop,Chrome,0,0,0
58.493526671395436,177.14792129508584,11.31750082444504,0,Anantapur,Dell Laptop,Chrome,0,0,0
74.52902692433754,161.02162426220488,5.120238075198381,0,Anantapur,Dell Laptop,Chrome,0,0,0
62.30546624373756,143.33887160180873,7.829804179048583,0,Anantapur,Office Desktop,Chrome,0,0,0
72.46958579633792,211.81714967421834,2.560597120960992,0,Anantapur,Dell Laptop,Chrome,2,0,0
69.42105627000421,112.89796931284556,11.100152859148412,0,Anantapur,Dell Laptop,Chrome,0,0,0
50.21362133881462,193.60248031553255,9.451528428138658,1,Hyderabad,Office Desktop,Chrome,0,0,0
60.305867363568964,166.47615114951458,4.386659452250009,0,Anantapur,Office Desktop,Chrome,0,0,0
63.67116245731775,128.9422598784118,11.018819204039351,0,Anantapur,Dell Laptop,Chrome,1,0,0
61.771935647936445,109.04342882561787,15.299809448374962,0,Hyderabad,Dell Laptop,Chrome,1,0,0
76.08134098156677,165.80010046088557,12.078276824798776,0,Anantapur,Office Desktop,Chrome,0,0,0
136.89822983192522,469.2371036818787,1.9137501805705692,5,Unknown IP,Unknown Mobile,Firefox,49,1,1
70.06428960671971,117.68467787328903,12.328843243473925,0,Hyderabad,Dell Laptop,Chrome,0,0,0
63.356737633340046,158.03864384951396,13.001178847465894,0,Anantapur,Dell Laptop,Chrome,0,0,0
67.59512057972071,158.59093446817417,16.209904750411244,1,Anantapur,Office Desktop,Chrome,0,0,0
56.68478274192144,182.23218881317945,10.783316429210103,0,Anantapur,Dell Laptop,Chrome,1,0,0
9.027296953207728,36.699374194340464,0.29394597457242355,2,Unknown IP,Unknown Mobile,Tor Browser,37,1,1
69.7757052496876,123.89250590324791,11.528888982970454,0,Hyderabad,Dell Laptop,Chrome,1,0,0
57.207766386283424,154.66155872434882,18.692092918425928,0,Anantapur,Dell Laptop,Chrome,2,0,0
164.3002961073434,490.09767797861633,2.8453590130521866,3,Tor Node,Unknown Mobile,Tor Browser,10,1,1
53.895016452382436,136.23086996956044,13.195959194839057,0,Anantapur,Dell Laptop,Chrome,0,0,0
47.32194503382855,109.0160258361968,8.973520803628965,0,Anantapur,Dell Laptop,Chrome,0,0,0
40.1032829685969,138.37597762560958,13.990234742354248,0,Anantapur,Office Desktop,Chrome,0,0,0
68.23921784890415,135.2928730751251,10.167761973913796,0,Anantapur,Dell Laptop,Chrome,0,0,0
64.2361115110779,158.22116763755096,12.448184467598166,0,Anantapur,Office Desktop,Chrome,0,0,0
78.68760819058461,133.03340482295332,13.989164667539955,0,Anantapur,Office Desktop,Chrome,0,0,0
50.757347782985555,156.18659610786662,7.290279164327311,0,Anantapur,Dell Laptop,Chrome,1,0,0
55.16123091440116,108.6061630552397,11.05241898756151,0,Anantapur,Dell Laptop,Chrome,0,0,0
55.36743095544305,191.13159864770245,13.647006871816021,0,Hyderabad,Dell Laptop,Chrome,1,0,0
75.85915301612043,128.5404414698561,6.7635198958114975,0,Anantapur,Dell Laptop,Chrome,0,0,0
172.68215335019906,26.746520500122973,23.275682494666817,2,Russia,MacBook,Tor Browser,5,1,1
51.991225750874655,176.4326053059615,4.663362982783178,1,Anantapur,Dell Laptop,Chrome,0,0,0
52.00024860161782,138.95058257466246,11.854174594887697,0,Anantapur,Office Desktop,Chrome,0,0,0
66.17272892732288,169.58812444995354,2.993710726684915,1,Anantapur,Dell Laptop,Chrome,0,0,0
65.73034661558032,132.98953581744314,17.032946240179285,0,Anantapur,Dell Laptop,Chrome,0,0,0
148.73099180638417,749.7153848166298,1.6074122256700292,3,Russia,Dell Laptop,Chrome,34,1,1
52.26881560971093,165.88241235086508,10.33241537920377,0,Anantapur,Office Desktop,Chrome,0,0,0
55.558433361088106,160.10988570813888,6.265239920747625,0,Anantapur,Dell Laptop,Chrome,1,0,0
61.636364281918496,173.38439139761198,10.091315459009126,1,Hyderabad,Dell Laptop,Chrome,1,0,0
61.348753461389705,144.78095844132366,3.2879950389632935,0,Anantapur,Dell Laptop,Chrome,2,0,0
37.05943604250878,181.2969778398873,16.136675078396763,0,Anantapur,Dell Laptop,Chrome,0,0,0
72.2880472061733,131.56063947314772,20.10658393839787,0,Anantapur,Office Desktop,Chrome,0,0,0
60.88212143455238,192.97758196669952,3.8194144511527206,0,Anantapur,Office Desktop,Chrome,1,0,0
53.15889927185356,179.38284119379804,17.710555731968476,0,Anantapur,Dell Laptop,Chrome,0,0,0
57.42189315565625,110.28190180118565,15.917803010927301,0,Anantapur,Dell Laptop,Chrome,0,0,0
61.032862782513206,90.39299020501198,15.360162511092124,0,Hyderabad,Dell Laptop,Chrome,0,0,0
75.27493947885611,104.57726209469314,18.174988116794186,0,Anantapur,Dell Laptop,Chrome,0,0,0
61.35112623991643,143.37296420320038,17.002935539890572,0,Anantapur,Dell Laptop,Chrome,1,0,0
56.41471834443793,114.75214376571166,8.571180659985544,0,Anantapur,Dell Laptop,Chrome,0,0,0
55.051945395280065,134.6080529611604,6.536778975397976,1,Hyderabad,Office Desktop,Chrome,0,0,0
43.876353946326795,140.72214997966861,5.814858301823716,0,Hyderabad,Dell Laptop,Chrome,0,0,0
56.94959938074478,153.18044465603563,9.713041632674267,0,Anantapur,Office Desktop,Chrome,2,0,0
12.11927615966195,636.3573564456522,2.3590829313752817,3,Russia,Dell Laptop,Firefox,12,1,1
66.46913974860655,151.21314794887635,11.351554279645677,0,Anantapur,Office Desktop,Chrome,0,0,0
53.78104594729847,169.53942058471986,15.836700085827935,0,Anantapur,Dell Laptop,Chrome,0,0,0
69.08741790244206,131.94333748233106,9.156884950957396,0,Hyderabad,Dell Laptop,Chrome,0,0,0
59.91721737655737,173.7644111220965,15.449769573255313,0,Hyderabad,Dell Laptop,Chrome,0,0,0
40.68308671633639,159.04527532689798,8.278302609009215,0,Anantapur,Office Desktop,Chrome,0,0,0
170.6010066205399,434.7623227478949,21.764167685756078,2,Unknown IP,MacBook,Tor Browser,42,1,1
59.414085939702126,123.04045607496136,12.269875442187786,0,Hyderabad,Dell Laptop,Chrome,1,0,0
73.49543582032845,188.18155706761297,14.860691899694231,0,Anantapur,Office Desktop,Chrome,0,0,0
52.39706368190603,166.78619379305957,8.135597732284905,0,Anantapur,Dell Laptop,Chrome,2,0,0
69.3560553365673,167.44630329038554,12.245738519569853,0,Anantapur,Office Desktop,Chrome,0,0,0
59.93928169509998,154.2686401782865,3.093974053322466,0,Anantapur,Dell Laptop,Chrome,0,0,0
66.41398535771094,133.62070910029186,12.51014589932499,0,Anantapur,Office Desktop,Chrome,0,0,0
74.59979440920034,91.04383534880597,11.764055026504,0,Anantapur,Dell Laptop,Chrome,0,0,0
56.27257839815128,124.4047909453337,14.488939086904086,0,Anantapur,Office Desktop,Chrome,0,0,0
60.681626964108254,183.0044991817422,13.456316947525409,0,Anantapur,Dell Laptop,Chrome,2,0,0
61.78688178192004,200.1324500987416,8.506202455952788,0,Anantapur,Dell Laptop,Chrome,0,0,0
50.23934482519322,153.38665084979405,7.436427346063781,0,Anantapur,Dell Laptop,Chrome,0,0,0
158.18237040787884,476.177273593977,2.620683632989326,3,Russia,Unknown Mobile,Firefox,27,1,1
12.253482059576072,4.90785144396666,3.0080998729923256,4,Tor Node,MacBook,Firefox,12,1,1
50.19256993162995,145.08661093269944,4.4761837366991974,0,Anantapur,Dell Laptop,Chrome,0,0,0
62.02375397530205,93.88433096245944,18.18769093869646,0,Anantapur,Dell Laptop,Chrome,2,0,0
54.86129212671091,152.5490794104467,8.23061684819138,0,Anantapur,Dell Laptop,Chrome,0,0,0
61.028461383445695,164.57184069183253,10.615835878035027,0,Anantapur,Office Desktop,Chrome,0,0,0
55.114419369740865,102.14129140777482,11.360325030853918,0,Anantapur,Dell Laptop,Chrome,2,0,0
77.82573398363135,119.35767720212655,11.050046218202253,0,Anantapur,Dell Laptop,Chrome,1,0,0
8.416822537205702,18.778733104698713,3.22419724854061,4,Tor Node,Unknown Mobile,Firefox,22,1,1
45.46563596247088,194.7449492105643,16.621829994002383,0,Anantapur,Office Desktop,Chrome,0,0,0
56.97604799364635,185.64033504033617,8.480805941218982,0,Anantapur,Office Desktop,Chrome,0,0,0
78.91863413572963,158.5231722222769,12.143600057402747,0,Hyderabad,Office Desktop,Chrome,0,0,0
65.89538732442819,90.35985035507528,12.739731542905199,0,Anantapur,Office Desktop,Chrome,0,0,0
66.7532402141512,95.03932315873635,5.011599971494268,0,Hyderabad,Office Desktop,Chrome,0,0,0
55.94383417266965,153.15169112326987,6.536973596026101,0,Anantapur,Dell Laptop,Chrome,0,0,0
65.02260968688651,143.2724273411633,12.313670425139989,0,Anantapur,Office Desktop,Chrome,0,0,0
52.06130733513274,168.85896180668374,10.211525971022812,0,Anantapur,Office Desktop,Chrome,0,0,0
7.7797890738032525,462.317820691688,22.93627626112029,3,Unknown IP,Unknown Mobile,Chrome,5,1,1
51.6587801879913,162.77868166112512,9.991706217263935,0,Hyderabad,Dell Laptop,Chrome,0,0,0
54.33090040051523,175.77066259625872,14.391941198105549,0,Anantapur,Dell Laptop,Chrome,0,0,0
46.019635140946164,137.8972373076352,10.707138557334565,0,Anantapur,Office Desktop,Chrome,0,0,0
61.22365050129246,171.26267641392621,8.79118147175105,0,Anantapur,Office Desktop,Chrome,0,0,0
55.588233431604365,164.1415719780053,14.841446523571545,0,Anantapur,Dell Laptop,Chrome,1,0,0
49.14759452408448,148.93944219605396,10.180232625971788,0,Anantapur,Dell Laptop,Chrome,0,0,0
61.99800404904541,105.64629124727203,21.03030216572271,0,Anantapur,Dell Laptop,Chrome,0,0,0
10.004998974929554,22.99359931658342,22.863746336630815,4,Russia,Unknown Mobile,Tor Browser,21,1,1
66.1246762601862,97.69365725229642,11.141749815235086,1,Anantapur,Dell Laptop,Chrome,0,0,0
58.329459830017896,157.80773314313282,21.36359693576091,0,Hyderabad,Office Desktop,Chrome,2,0,0
48.266311156871566,196.5405582028037,4.981273083013447,0,Anantapur,Office Desktop,Chrome,0,0,0
68.91806330222258,151.57621741308137,15.008631960005719,0,Anantapur,Office Desktop,Chrome,0,0,0
54.49429614130342,154.97309585226475,9.233182022933708,0,Anantapur,Dell Laptop,Chrome,0,0,0
49.56110557317672,133.57767076075453,6.543541389806324,0,Anantapur,Office Desktop,Chrome,0,0,0
57.53268514444036,117.52097794226434,8.374098431768497,0,Hyderabad,Office Desktop,Chrome,0,0,0
65.97079092759975,136.6004747569957,9.88650489546041,0,Anantapur,Dell Laptop,Chrome,0,0,0
10.586813748457114,604.6291682410813,22.597225127020007,4,Russia,Unknown Mobile,Tor Browser,11,1,1
57.67001629176321,159.45996624125374,13.92979170942918,0,Anantapur,Dell Laptop,Chrome,2,0,0
58.53230544219161,140.74105487744254,9.115670733308226,0,Anantapur,Office Desktop,Chrome,0,0,0
62.03069338721033,147.52953993443722,3.0632694893712724,0,Hyderabad,Dell Laptop,Chrome,1,0,0
50.55430835876736,104.38409569028792,17.845373902002514,0,Hyderabad,Dell Laptop,Chrome,0,0,0
38.806471431903915,131.93903798696704,9.450179590387918,0,Anantapur,Dell Laptop,Chrome,0,0,0
53.578190302135184,152.97262306355756,9.358219330937384,0,Anantapur,Office Desktop,Chrome,0,0,0
56.44142559291697,139.31624462862703,11.964653922658542,0,Anantapur,Office Desktop,Chrome,0,0,0
40.84596718989219,93.16189998054034,6.204661067611566,0,Anantapur,Dell Laptop,Chrome,0,0,0
61.992801435508404,162.66363957921232,11.703143315880222,0,Hyderabad,Dell Laptop,Chrome,0,0,0
14.43592931315952,776.7601480738333,3.2038495107927525,4,Tor Node,Unknown Mobile,Firefox,29,1,1
66.14220190887364,166.90324188056434,20.70469443653874,0,Anantapur,Dell Laptop,Chrome,1,0,0
81.43436806256165,159.6377357815366,5.822600046278789,0,Anantapur,Dell Laptop,Chrome,0,0,0
55.30099129726103,117.29948628682313,6.345310351446742,0,Anantapur,Dell Laptop,Chrome,2,0,0
61.981835397170094,140.77132446080728,8.22349104808784,0,Anantapur,Office Desktop,Chrome,0,0,0
70.24213212939716,121.70257881541454,11.531147710449071,0,Anantapur,Office Desktop,Chrome,0,0,0
59.82875211539543,85.90697728693287,15.03704112948197,0,Hyderabad,Dell Laptop,Chrome,0,0,0
41.00143928262844,162.47736225732248,12.271355429445476,1,Anantapur,Dell Laptop,Chrome,0,0,0
43.369170226573225,147.3083810239442,14.198731588125185,0,Anantapur,Office Desktop,Chrome,0,0,0
54.74680598455667,209.81224115802388,15.915768974161956,0,Anantapur,Dell Laptop,Chrome,0,0,0
65.89726058565489,156.9776552901811,12.636591678702903,0,Anantapur,Office Desktop,Chrome,0,0,0
70.8373262443987,109.43540821253464,13.394397744986914,0,Hyderabad,Dell Laptop,Chrome,0,0,0
63.398247040452745,129.06335310106857,14.593171009653407,0,Anantapur,Office Desktop,Chrome,0,0,0
58.28437428015911,149.31923711289892,9.312078339776155,0,Anantapur,Dell Laptop,Chrome,0,0,0
72.24956664354457,95.88249486380394,9.74834015702243,0,Anantapur,Dell Laptop,Chrome,0,0,0
54.43067643742491,159.98137829784687,10.856929539051366,0,Anantapur,Dell Laptop,Chrome,1,0,0
49.68605894537619,23.58067533502299,15.029045582427095,0,Anantapur,Dell Laptop,Chrome,0,0,0
72.37594694280907,140.1461647878179,15.809612376883894,0,Hyderabad,Dell Laptop,Chrome,1,0,0
68.46978665214564,134.64760055107186,13.710413646462463,0,Hyderabad,Dell Laptop,Chrome,0,0,0
143.1517085226928,469.1680139693182,1.6757868449818538,3,Anantapur,MacBook,Firefox,21,1,1
60.14545815268445,180.54765564931944,16.616008483325814,0,Hyderabad,Dell Laptop,Chrome,1,0,0
41.92982611590044,124.17983829595137,9.88700956747676,0,Anantapur,Dell Laptop,Chrome,0,0,0
53.34540681229694,170.58372373245368,14.102857503241394,0,Hyderabad,Office Desktop,Chrome,0,0,0
67.83370751688193,156.1386815631205,12.769410761642138,0,Anantapur,Office Desktop,Chrome,1,0,0
50.110426454992286,137.5211582656931,3.5990867070195147,0,Anantapur,Office Desktop,Chrome,2,0,0
54.224990350970764,133.93393437249426,19.362565889886923,0,Anantapur,Dell Laptop,Chrome,0,0,0
35.39558208328472,142.62382241768893,8.539907287164368,0,Anantapur,Dell Laptop,Chrome,0,0,0
60.32095400809522,194.49904610245142,15.960252485180895,1,Hyderabad,Dell Laptop,Chrome,0,0,0
43.2527326718817,140.31564713274702,18.09496264607794,0,Anantapur,Office Desktop,Chrome,0,0,0
49.998031901971515,167.16270545185577,8.28038286576989,0,Anantapur,Dell Laptop,Chrome,2,0,0
56.28467894040611,82.30310509817551,2.831744275373035,0,Hyderabad,Dell Laptop,Chrome,0,0,0
67.07591995417022,149.79910521007488,11.291674789265489,0,Anantapur,Dell Laptop,Chrome,2,0,0
57.97088564168444,167.84386971953967,14.098348492727332,0,Anantapur,Office Desktop,Chrome,0,0,0
61.848500835804614,162.3593541466576,11.710585648831552,0,Anantapur,Dell Laptop,Chrome,0,0,0
60.728229365119006,158.1517764248564,13.014315884513874,0,Hyderabad,Dell Laptop,Chrome,0,0,0
48.27447053846233,142.0295576639648,6.916451663599432,0,Anantapur,Office Desktop,Chrome,0,0,0
56.190421657823734,183.1660705424627,13.684303547180383,0,Hyderabad,Dell Laptop,Chrome,0,0,0
70.03257991125777,144.09116757079155,12.936635585158056,0,Anantapur,Dell Laptop,Chrome,0,0,0
64.0108628994211,131.02573998695712,12.843497610856858,0,Anantapur,Office Desktop,Chrome,0,0,0
46.13229129225178,162.14126067082267,14.683041768152677,0,Hyderabad,Dell Laptop,Chrome,0,0,0
62.44244387790216,180.72839886250085,15.687920431771268,0,Anantapur,Office Desktop,Chrome,0,0,0
58.88546281868125,118.85774324100635,15.3568764923223,0,Anantapur,Dell Laptop,Chrome,0,0,0
63.24690135114761,172.34922933441885,14.178814332444333,1,Anantapur,Dell Laptop,Chrome,1,0,0
56.41747441478713,180.23304645113143,11.506681468940334,0,Anantapur,Dell Laptop,Chrome,0,0,0
74.35412548255718,127.77451737803781,18.358989683100614,0,Anantapur,Dell Laptop,Chrome,0,0,0
66.79559844171223,69.28215084679455,16.691610475168613,0,Anantapur,Office Desktop,Chrome,0,0,0
61.42901867079695,160.4922086332744,13.860311323856267,0,Anantapur,Office Desktop,Chrome,0,0,0
54.72992949350953,174.09733603217225,17.021149096272694,0,Anantapur,Dell Laptop,Chrome,0,0,0
68.28531340203334,158.12731001654114,15.049930072720255,0,Anantapur,Office Desktop,Chrome,2,0,0
46.35142076196665,131.26911267654089,15.006315423629715,0,Anantapur,Dell Laptop,Chrome,0,0,0
60.726068982666945,134.19464923555978,8.885292361316392,0,Anantapur,Dell Laptop,Chrome,0,0,0
6.273243579389796,457.09222051427736,23.792916227698537,4,Russia,Unknown Mobile,Firefox,7,1,1
57.270517099505845,95.69301435255676,10.322838740350292,0,Anantapur,Office Desktop,Chrome,0,0,0
49.943302499749706,173.15871408621462,12.348875297561717,0,Anantapur,Dell Laptop,Chrome,0,0,0
58.24197620782023,129.0660530190831,5.476552198133998,0,Hyderabad,Dell Laptop,Chrome,0,0,0
61.93452059325498,156.70302400496126,14.11560489437281,0,Anantapur,Dell Laptop,Chrome,0,0,0
187.31378281994495,63.26384849449494,21.97984140777043,4,Unknown IP,Unknown Mobile,Firefox,14,1,1
66.5871073690985,222.90169614190302,6.584707931066581,0,Hyderabad,Dell Laptop,Chrome,0,0,0
53.80992232468237,205.56878478455633,11.465695210974546,0,Anantapur,Office Desktop,Chrome,0,0,0
62.88630792915977,161.18418594156904,9.395169835636233,0,Anantapur,Dell Laptop,Chrome,0,0,0
60.829475337085626,144.12550936469958,10.037022116570125,0,Anantapur,Dell Laptop,Chrome,0,0,0
47.55106472798545,149.15289583337056,12.381589661155134,0,Anantapur,Dell Laptop,Chrome,0,0,0
54.57301342350196,153.00112871162213,5.456091933019996,0,Anantapur,Dell Laptop,Chrome,0,0,0
40.75948350084607,197.0271067751912,16.807926635714267,0,Anantapur,Dell Laptop,Chrome,0,0,0
47.76177008594324,145.1315130013975,8.792457157234846,0,Hyderabad,Dell Laptop,Chrome,1,0,0
12.268632926587076,21.95588195398942,2.9428012372154906,3,Tor Node,Unknown Mobile,Tor Browser,16,1,1
48.755576819357316,105.01022197030142,14.130547031084847,0,Anantapur,Dell Laptop,Chrome,0,0,0
67.97184676018777,76.38925773161499,13.681018484397912,0,Anantapur,Office Desktop,Chrome,0,0,0
66.09601075460465,119.31130652347893,5.73551996613947,0,Anantapur,Dell Laptop,Chrome,0,0,0
64.69030254457466,131.90405590622964,16.589973610332603,0,Hyderabad,Dell Laptop,Chrome,2,0,0
81.011997904045,119.76840406179048,15.647770196117499,0,Anantapur,Dell Laptop,Chrome,1,0,0
65.83772491485297,139.29792562945704,7.408797748415389,0,Anantapur,Dell Laptop,Chrome,0,0,0
52.66003592325918,106.7299661588003,12.538943010210494,0,Anantapur,Office Desktop,Chrome,0,0,0
45.74308120951781,158.12040868530755,9.630147279243587,0,Anantapur,Office Desktop,Chrome,0,0,0
40.202083374666614,129.41026229620047,13.94958664384506,0,Hyderabad,Office Desktop,Chrome,0,0,0
62.83671056293368,105.83822995169407,7.67654523563887,1,Anantapur,Office Desktop,Chrome,0,0,0
172.46445370044557,19.830614105921466,3.017553250979171,4,Unknown IP,Unknown Mobile,Chrome,22,1,1
56.7439734294212,114.48663409053026,16.662827403469148,0,Anantapur,Office Desktop,Chrome,0,0,0
70.43306773923008,170.86991409455925,8.274197232091915,0,Anantapur,Dell Laptop,Chrome,0,0,0
79.14859318072679,144.40007942435625,13.64875934826244,0,Anantapur,Dell Laptop,Chrome,0,0,0
55.51250069883332,149.56724970103812,9.716445939473685,0,Hyderabad,Dell Laptop,Chrome,0,0,0
69.51372738859713,146.8762391747984,9.711245376874235,0,Anantapur,Dell Laptop,Chrome,0,0,0
62.265852799395155,159.87731920261794,13.58388759682061,0,Anantapur,Dell Laptop,Chrome,0,0,0
64.6528601620401,151.93466050247804,9.385733015769151,0,Anantapur,Dell Laptop,Chrome,0,0,0
54.66086290038217,138.41015591952925,19.557372983266976,0,Anantapur,Dell Laptop,Chrome,0,0,0
55.24444118973671,173.1090742163469,15.808680793939173,0,Anantapur,Office Desktop,Chrome,0,0,0
58.68359679708944,137.0313458009356,8.157928924657586,0,Anantapur,Dell Laptop,Chrome,0,0,0
51.45988515166314,144.97728723692927,9.719330221266144,0,Anantapur,Dell Laptop,Chrome,0,0,0
57.79023178696473,127.03682553012167,7.188114396668908,0,Anantapur,Dell Laptop,Chrome,1,0,0
78.27820300492591,177.48440335678185,17.169156950822014,1,Anantapur,Dell Laptop,Chrome,0,0,0
66.19202857641629,156.3634994944485,16.069300864733584,0,Hyderabad,Office Desktop,Chrome,0,0,0
15.57934487521785,6.220605222906306,23.45338164684104,2,Russia,Unknown Mobile,Tor Browser,40,1,1
54.460155049440296,187.94962371324996,16.469518609288208,0,Hyderabad,Dell Laptop,Chrome,0,0,0
57.660122018819266,159.52514501495725,12.997538806919717,0,Anantapur,Office Desktop,Chrome,0,0,0
61.89723910055167,127.35959089934798,13.271468624151701,0,Anantapur,Dell Laptop,Chrome,0,0,0
56.87065287133473,144.0675762573625,15.127928609909478,0,Anantapur,Dell Laptop,Chrome,1,0,0
58.87012967563899,173.57893957019152,17.10204087086798,0,Anantapur,Dell Laptop,Chrome,1,0,0
70.49516077295714,132.45617146023807,12.07267252132174,0,Anantapur,Dell Laptop,Chrome,0,0,0
63.611130705996956,99.67115360484038,13.66010687786271,0,Anantapur,Office Desktop,Chrome,1,0,0
65.74843497023897,122.01843392748512,15.259174969501133,0,Anantapur,Dell Laptop,Chrome,0,0,0
68.52147967844408,203.5929286345983,7.151948750752176,0,Anantapur,Dell Laptop,Chrome,1,0,0
6.012558968160108,23.486756845644116,21.755148657117438,2,Unknown IP,MacBook,Firefox,43,1,1
59.40161986997028,170.4455542590717,11.24473570281268,0,Anantapur,Office Desktop,Chrome,0,0,0
69.68076155718128,131.93080275654847,8.978579320984828,0,Anantapur,Dell Laptop,Chrome,1,0,0
16.210704397480843,535.6958838294312,22.293227502449408,4,Anantapur,MacBook,Tor Browser,7,1,1
66.30947923320673,150.64517618029836,11.13902878734987,0,Hyderabad,Dell Laptop,Chrome,0,0,0
50.960177275798266,133.91862533371057,13.31747295211676,0,Anantapur,Dell Laptop,Chrome,1,0,0
52.0466312465868,173.84572584224185,14.36066133485361,0,Anantapur,Dell Laptop,Chrome,0,0,0
44.948192918293124,107.38088888010176,10.479231796112082,0,Anantapur,Dell Laptop,Chrome,0,0,0
52.255025687184464,139.72917125739468,11.637628791050181,0,Anantapur,Office Desktop,Chrome,1,0,0
63.39942420538414,159.16229271634074,9.231981922095446,0,Anantapur,Dell Laptop,Chrome,0,0,0
8.46361392450061,475.2933201008333,2.934231277446695,5,Russia,MacBook,Chrome,42,1,1
53.76188349928364,146.48078749913762,14.146593580161856,0,Anantapur,Office Desktop,Chrome,0,0,0
46.915153364459776,164.79831103656505,10.39959313222054,0,Hyderabad,Office Desktop,Chrome,0,0,0
67.14279407116086,125.94341599680233,7.2902103556908955,0,Anantapur,Dell Laptop,Chrome,0,0,0
57.70459819328936,141.93234274879129,20.45592978419799,0,Hyderabad,Dell Laptop,Chrome,0,0,0
76.65743798468377,175.11470134727782,14.739169650735137,0,Anantapur,Office Desktop,Chrome,1,0,0
81.7477852384307,142.48691125572023,5.642152305401986,0,Anantapur,Office Desktop,Chrome,0,0,0
148.4762449242027,524.1915293572748,1.3599700306343294,2,Tor Node,MacBook,Firefox,14,1,1
74.18499800448527,121.75273907180849,8.252545745695198,1,Hyderabad,Office Desktop,Chrome,1,0,0
154.37209934529713,522.3422392456695,22.29379579742725,4,Russia,MacBook,Chrome,41,1,1
150.28618997726252,588.337491693066,21.257979614968335,4,Russia,MacBook,Tor Browser,37,1,1
59.2000296173349,141.20500065968605,14.63486420997311,0,Anantapur,Dell Laptop,Chrome,1,0,0
60.510993124618096,118.56744659558727,12.971227490142407,0,Anantapur,Dell Laptop,Chrome,0,0,0
63.53160983132553,108.06279816664363,16.182141813371327,0,Anantapur,Dell Laptop,Chrome,0,0,0
60.9600862257446,169.815114950867,8.177028038776548,0,Anantapur,Dell Laptop,Chrome,0,0,0
61.53623872085933,166.37033748527222,9.394304928304155,0,Hyderabad,Dell Laptop,Chrome,0,0,0
53.89134411682376,146.48310946838185,7.779779641643418,1,Anantapur,Office Desktop,Chrome,1,0,0
73.74731108621998,151.07944103327927,14.075361227190033,0,Anantapur,Dell Laptop,Chrome,0,0,0
74.92388188810337,165.1913601800701,16.72953140627201,0,Anantapur,Dell Laptop,Chrome,0,0,0
66.77547733658685,118.66118628158057,18.482860620301942,0,Anantapur,Dell Laptop,Chrome,1,0,0
59.482392817987844,151.3148890971199,7.5427439275644765,1,Hyderabad,Office Desktop,Chrome,0,0,0
60.012469291499116,117.22984049622515,6.777872142473799,0,Anantapur,Dell Laptop,Chrome,0,0,0
59.83112495201943,145.94938838480044,16.993772835271102,0,Anantapur,Dell Laptop,Chrome,1,0,0
129.73068343545984,13.723182872861953,3.354657116589701,4,Unknown IP,Unknown Mobile,Chrome,30,1,1
57.38572516452836,128.0270526367852,11.016862090326383,0,Anantapur,Dell Laptop,Chrome,0,0,0
63.31130762845858,130.52228769036205,21.020699972616065,0,Anantapur,Dell Laptop,Chrome,0,0,0
63.797992248537945,163.40794516319824,5.104596766627996,0,Hyderabad,Dell Laptop,Chrome,0,0,0
69.4347642407231,141.7504809382132,20.56452101264812,0,Anantapur,Office Desktop,Chrome,0,0,0
66.46034799230586,161.0527837511114,14.79733674903451,0,Anantapur,Dell Laptop,Chrome,0,0,0
51.04041442644384,148.74444490190083,13.400533146518365,0,Anantapur,Dell Laptop,Chrome,0,0,0
131.06482269020117,466.80048606871,3.8221500625863873,3,Unknown IP,MacBook,Firefox,18,1,1
50.90401634084769,164.47654623832852,12.141817358197393,0,Anantapur,Office Desktop,Chrome,0,0,0
69.49322181123318,142.77382838350385,14.218509298937649,0,Hyderabad,Dell Laptop,Chrome,1,0,0
55.39377272271348,204.42734808163397,10.990524404977554,0,Anantapur,Dell Laptop,Chrome,0,0,0
62.0752064162109,131.81283378559795,13.778920458123444,0,Anantapur,Dell Laptop,Chrome,0,0,0
74.60829519460673,117.88058298683447,8.285927199505647,0,Anantapur,Office Desktop,Chrome,0,0,0
69.2173200324273,128.8775385505449,17.19637954061137,0,Anantapur,Dell Laptop,Chrome,0,0,0
71.92696884146501,153.9847116831437,8.333335331003216,0,Anantapur,Office Desktop,Chrome,0,0,0
71.53255430147023,164.2889735560749,13.998511510258991,0,Hyderabad,Dell Laptop,Chrome,0,0,0
48.85493175358945,135.53506674088337,13.40681817736734,0,Hyderabad,Dell Laptop,Chrome,0,0,0
61.26410121849193,130.354432337308,12.314369958819457,0,Hyderabad,Dell Laptop,Chrome,0,0,0
85.91650268138608,171.83338464159687,0.5635848153458856,0,Anantapur,Office Desktop,Chrome,0,0,0
68.17973185961128,152.1296101707393,13.23998935785405,0,Anantapur,Dell Laptop,Chrome,0,0,0
63.89216043875657,125.05453908637858,18.53554558229917,0,Anantapur,Office Desktop,Chrome,0,0,0
70.70323550118631,112.43248346516,5.426358528611569,0,Anantapur,Dell Laptop,Chrome,0,0,0
65.60094438248711,156.98472994506847,17.18812266280399,0,Anantapur,Dell Laptop,Chrome,0,0,0
67.38615643257602,140.3599152460519,11.783919645906531,0,Hyderabad,Dell Laptop,Chrome,0,0,0
58.495039988546324,146.34168042402422,12.049844437909712,0,Anantapur,Office Desktop,Chrome,0,0,0
52.50158405147018,166.54430482315388,15.022285769579089,0,Anantapur,Dell Laptop,Chrome,0,0,0
56.22355290458672,171.14131502332006,15.36707950312936,0,Anantapur,Office Desktop,Chrome,0,0,0
59.126300854420215,145.2545110766423,16.400773592461114,0,Anantapur,Dell Laptop,Chrome,0,0,0
65.02572046777694,168.76392240427217,12.425822473463297,0,Hyderabad,Dell Laptop,Chrome,2,0,0
48.48187124933512,163.6166687235315,7.451861901473264,1,Anantapur,Dell Laptop,Chrome,1,0,0
8.569534287802215,467.8768063022168,0.3145023762885586,4,Tor Node,Unknown Mobile,Tor Browser,46,1,1
53.23936678884851,162.50067945694443,8.145698704239592,0,Anantapur,Office Desktop,Chrome,1,0,0
47.60530601481055,199.8531315264893,14.53451207667928,1,Anantapur,Dell Laptop,Chrome,0,0,0
93.34971898762251,169.77950235077282,19.925421082142183,0,Anantapur,Dell Laptop,Chrome,0,0,0
157.38362075366624,35.127932926541305,23.102970638259897,4,Russia,MacBook,Firefox,45,1,1
57.12411874059505,172.12734308796917,16.641423305242906,0,Hyderabad,Dell Laptop,Chrome,0,0,0
61.7229983114461,166.94680119155046,13.681750445148028,0,Hyderabad,Office Desktop,Chrome,0,0,0
58.1960480111552,146.35376564344222,3.652593464591341,0,Anantapur,Dell Laptop,Chrome,0,0,0
62.48153685018132,185.19623615965196,6.238454097069436,0,Anantapur,Dell Laptop,Chrome,1,0,0
66.56832819582318,146.3938808049088,3.9983363824057214,0,Anantapur,Dell Laptop,Chrome,0,0,0
68.58854508032339,95.50740052697552,19.865576521446457,0,Anantapur,Dell Laptop,Chrome,0,0,0
74.29787396940051,206.65878274453934,19.233876166588427,0,Anantapur,Dell Laptop,Chrome,0,0,0
79.46893680377926,170.7918625855433,12.22009576973476,0,Anantapur,Office Desktop,Chrome,0,0,0
58.39152999769774,146.66508940669542,13.699514640591268,0,Anantapur,Dell Laptop,Chrome,0,0,0
47.04290706967966,166.85563312968108,11.085484338263695,0,Anantapur,Office Desktop,Chrome,0,0,0
129.50048388602954,305.36859436480063,2.50849740331634,3,Tor Node,Dell Laptop,Chrome,27,1,1
4.257803127895477,11.103064546262969,4.243153741230067,4,Tor Node,Unknown Mobile,Chrome,31,1,1
61.45113530883851,164.45016988188684,10.184910542465422,0,Anantapur,Dell Laptop,Chrome,0,0,0
56.424655926226976,149.94814031422044,13.865248298557136,0,Hyderabad,Dell Laptop,Chrome,0,0,0
16.25065059110286,446.5791961719667,23.572110819917217,2,Tor Node,Unknown Mobile,Chrome,7,1,1
148.4636300393866,495.20002493656136,22.873422258614056,5,Russia,Unknown Mobile,Tor Browser,43,1,1
57.79916957477232,129.95121676264262,16.284867915028553,0,Anantapur,Dell Laptop,Chrome,0,0,0
71.69996342359326,136.69960178992528,9.168950590579072,1,Anantapur,Dell Laptop,Chrome,0,0,0
63.50223158612483,138.6523385590124,16.45552689970131,0,Anantapur,Dell Laptop,Chrome,1,0,0
74.67542068952692,149.38028531550123,12.426893852462658,0,Anantapur,Office Desktop,Chrome,0,0,0
133.0360233193306,25.950282489225753,1.9459906001618286,3,Russia,MacBook,Firefox,22,1,1
42.89817627246251,161.6883514876722,16.2071030224403,0,Anantapur,Dell Laptop,Chrome,0,0,0
56.0642657176688,147.7382798640412,10.759428701112245,0,Anantapur,Dell Laptop,Chrome,0,0,0
139.34892187620162,26.598313670198156,2.5170490985353258,2,Unknown IP,Dell Laptop,Tor Browser,9,1,1
64.92537227978316,194.424587655337,2.7356115800800413,0,Anantapur,Dell Laptop,Chrome,1,0,0
70.85587875878474,168.80674416241348,12.324171994096128,0,Anantapur,Dell Laptop,Chrome,1,0,0
57.63828884258374,190.20960563525986,14.198274399820695,0,Anantapur,Dell Laptop,Chrome,0,0,0
55.40708712015348,106.04969337324111,8.886471447386247,0,Anantapur,Dell Laptop,Chrome,2,0,0
43.035255819063494,106.41131918938267,10.136997914616813,0,Anantapur,Dell Laptop,Chrome,0,0,0
61.40688204422305,153.8097981351659,2.0542077116435653,0,Anantapur,Office Desktop,Chrome,0,0,0
62.96973768358299,121.91282752497713,15.460083415122789,0,Anantapur,Office Desktop,Chrome,0,0,0
55.18877398597912,187.85945777765215,13.013081232663007,0,Anantapur,Dell Laptop,Chrome,0,0,0
62.42926549706749,138.56400225692155,14.926057145905883,0,Anantapur,Dell Laptop,Chrome,0,0,0
49.22670138729325,151.09100137171666,14.596973774994552,0,Anantapur,Office Desktop,Chrome,0,0,0
57.88608125421025,175.90751060215464,12.245595875248235,0,Anantapur,Office Desktop,Chrome,0,0,0
44.21625752703392,144.7229882109848,14.414802087840801,0,Anantapur,Office Desktop,Chrome,0,0,0
57.429020276274024,110.15541986316512,12.98325910823717,0,Anantapur,Dell Laptop,Chrome,0,0,0
74.47332317230021,118.21979604915919,9.766968902426356,1,Anantapur,Office Desktop,Chrome,1,0,0
63.327722269144736,163.0030745558333,9.880575252621517,0,Anantapur,Office Desktop,Chrome,0,0,0
53.73511776839697,171.96072738227195,15.441347528583465,0,Anantapur,Dell Laptop,Chrome,2,0,0
46.429872574930926,122.20888060979522,14.112380098644005,0,Anantapur,Dell Laptop,Chrome,1,0,0
61.314752372998505,140.26999518645957,13.992075377207579,0,Anantapur,Office Desktop,Chrome,0,0,0
47.69571526439218,117.13058522861664,9.419183105244164,0,Hyderabad,Dell Laptop,Chrome,0,0,0
44.193620238924325,152.99180607765658,6.779267445620716,0,Anantapur,Dell Laptop,Chrome,0,0,0
63.4371155092603,145.66972013582708,14.265654990144139,0,Anantapur,Office Desktop,Chrome,0,0,0
61.25541980722855,115.97862738123598,17.998091666096386,0,Anantapur,Dell Laptop,Chrome,0,0,0
66.79889819800593,188.51510232450917,11.070513435171481,0,Anantapur,Dell Laptop,Chrome,0,0,0
39.55808387650525,132.97753527730973,13.137316647559977,0,Hyderabad,Dell Laptop,Chrome,1,0,0
75.55020433316776,137.83796271778945,7.918324527901692,0,Anantapur,Dell Laptop,Chrome,0,0,0
44.5822158369115,158.23386039008602,13.666617533481196,0,Anantapur,Dell Laptop,Chrome,0,0,0
81.09060368024754,169.2123042577264,10.54221566688548,0,Anantapur,Dell Laptop,Chrome,0,0,0
47.387575532590134,96.36366958139101,5.926254977735576,0,Anantapur,Office Desktop,Chrome,0,0,0
56.993095984008775,179.21661334448086,6.372704924498983,0,Hyderabad,Dell Laptop,Chrome,2,0,0
63.806329850953,123.71844608119801,17.519521583632283,1,Hyderabad,Dell Laptop,Chrome,1,0,0
65.59046463749635,144.6028287733821,16.498206941822453,0,Hyderabad,Dell Laptop,Chrome,0,0,0
64.05727918232229,103.8058679993834,7.92114683898617,0,Hyderabad,Dell Laptop,Chrome,0,0,0
52.49017618869372,116.36964930398797,9.034255958185025,0,Anantapur,Dell Laptop,Chrome,1,0,0
73.22409884837472,136.84267013353025,17.08595518878608,0,Anantapur,Dell Laptop,Chrome,0,0,0
52.25819519485177,141.15014989171618,9.420547676527145,0,Anantapur,Dell Laptop,Chrome,0,0,0
62.802172966718246,181.85028602546424,18.93564344798766,0,Anantapur,Dell Laptop,Chrome,0,0,0
59.11228067376316,187.43637065005655,20.430743097400672,0,Anantapur,Dell Laptop,Chrome,0,0,0
12.348406715371553,551.2146464293029,2.9602192088114494,3,Unknown IP,Unknown Mobile,Tor Browser,29,1,1
58.75220847095007,122.1749718815563,17.56684177345874,0,Anantapur,Office Desktop,Chrome,1,0,0
63.07306917845946,169.3860164173373,12.86182490655766,0,Anantapur,Office Desktop,Chrome,0,0,0
64.77805536803757,151.1351158170665,7.8076130405361805,0,Anantapur,Dell Laptop,Chrome,0,0,0
19.927716293793694,484.16861165169263,3.2318032722020105,5,Tor Node,Unknown Mobile,Tor Browser,5,1,1
55.558070075280746,172.7115838309244,10.831750833947815,0,Anantapur,Dell Laptop,Chrome,0,0,0
60.92244381415184,136.41146640823771,3.4203106404099817,0,Anantapur,Dell Laptop,Chrome,0,0,0
44.54779818476234,130.81780153270154,12.186150933012376,0,Anantapur,Dell Laptop,Chrome,0,0,0
60.0118177418871,153.93092158424267,5.998736307423428,0,Anantapur,Office Desktop,Chrome,0,0,0
68.02150235676157,178.6974433801206,11.635992006021374,0,Anantapur,Dell Laptop,Chrome,0,0,0
61.901803039374286,166.12358382057423,14.2621055188508,0,Anantapur,Office Desktop,Chrome,0,0,0
112.85095378961842,22.415424415406257,22.99586674337879,5,Unknown IP,MacBook,Chrome,16,1,1
75.30187902929835,166.422599039309,12.102852347818173,0,Anantapur,Dell Laptop,Chrome,0,0,0
163.72518950800827,460.66689447673724,23.061279688638418,2,Unknown IP,MacBook,Tor Browser,5,1,1
71.0521982076171,133.61719249050208,15.061338243343023,0,Anantapur,Dell Laptop,Chrome,0,0,0
77.8479251954456,169.9834412005092,11.353008667747023,0,Anantapur,Dell Laptop,Chrome,0,0,0
50.94349610471963,179.01315264125913,14.419987771807293,0,Hyderabad,Dell Laptop,Chrome,1,0,0
59.953541620179266,158.75271049650172,11.849799344967634,0,Anantapur,Dell Laptop,Chrome,0,0,0
55.66319778686359,140.99426520305383,16.241326567977627,1,Anantapur,Office Desktop,Chrome,0,0,0
77.62522496898666,126.54326016141606,9.741804686520702,0,Anantapur,Office Desktop,Chrome,0,0,0
61.38288104580097,164.21617532658234,7.096818750005655,0,Anantapur,Dell Laptop,Chrome,2,0,0
69.44505148431296,105.53020706273136,11.156855112657531,0,Anantapur,Dell Laptop,Chrome,1,0,0
45.17139669371421,105.11906206532899,11.905532210975526,0,Anantapur,Office Desktop,Chrome,0,0,0
62.7184232153865,190.4170977924518,13.26192301083641,0,Hyderabad,Dell Laptop,Chrome,0,0,0
58.458372087580535,102.21521178289473,7.629465832194182,0,Anantapur,Dell Laptop,Chrome,1,0,0
42.15929227063645,161.77048777764557,10.270649509393962,0,Anantapur,Dell Laptop,Chrome,0,0,0
66.87566100030543,131.0805803286697,17.524614393903818,0,Anantapur,Office Desktop,Chrome,0,0,0
55.944538299379914,167.19705133934346,10.001233542980458,0,Anantapur,Office Desktop,Chrome,0,0,0
49.46815165444198,174.28910250326553,10.180386924422265,0,Anantapur,Dell Laptop,Chrome,0,0,0
46.2326433834384,132.58265336392242,10.159025421761605,0,Anantapur,Dell Laptop,Chrome,0,0,0
64.74918980593925,133.21299505614758,9.90859496331195,0,Anantapur,Dell Laptop,Chrome,0,0,0
57.91173917360055,130.9716868027231,15.07481299602678,0,Hyderabad,Dell Laptop,Chrome,0,0,0
71.52758797256665,137.63156859590921,15.400892737677687,0,Anantapur,Dell Laptop,Chrome,0,0,0
68.2801818710212,183.5741565114189,16.875345080931734,0,Anantapur,Office Desktop,Chrome,0,0,0
67.37017030212593,155.7454405885679,18.198786557984345,0,Anantapur,Office Desktop,Chrome,0,0,0
55.66051164793462,124.85760805524521,16.109804665311298,0,Anantapur,Dell Laptop,Chrome,1,0,0
70.37401681041689,124.8473549319987,8.719452516263994,0,Anantapur,Dell Laptop,Chrome,2,0,0
32.516655930725186,171.88966578617737,10.517963740605607,0,Anantapur,Office Desktop,Chrome,0,0,0
53.34808665142172,147.7445833842557,9.509409093178487,0,Anantapur,Dell Laptop,Chrome,1,0,0
43.42649572883768,157.75831532916507,8.08454059141886,0,Anantapur,Dell Laptop,Chrome,0,0,0
52.22423383394802,164.83130709207092,14.15853871223263,0,Anantapur,Dell Laptop,Chrome,1,0,0
62.09199023630438,156.1174123376025,10.510455522769181,0,Anantapur,Dell Laptop,Chrome,1,0,0
61.728686641190116,159.01468895160104,2.0759911144344496,0,Hyderabad,Dell Laptop,Chrome,0,0,0
57.01432220403264,166.79573917627485,11.669206297068213,1,Anantapur,Dell Laptop,Chrome,0,0,0
61.05025362852431,126.31915102036014,8.426627730967942,0,Anantapur,Dell Laptop,Chrome,0,0,0
61.985947588078986,64.40818044442186,3.0628297425703312,0,Anantapur,Office Desktop,Chrome,1,0,0
57.10850767334367,164.3362774721216,9.816946881152036,0,Anantapur,Dell Laptop,Chrome,0,0,0
76.49450788604082,116.03376659463146,10.017331184476582,0,Anantapur,Dell Laptop,Chrome,0,0,0
56.30387628304288,163.6510726058066,10.698856074398064,0,Hyderabad,Dell Laptop,Chrome,0,0,0
64.82213451702596,97.97920081773468,14.43066048240742,0,Anantapur,Dell Laptop,Chrome,0,0,0
51.660673749002406,150.34346443754342,17.8855349038328,0,Anantapur,Dell Laptop,Chrome,0,0,0
40.23151917036422,160.38836965255516,19.890845466433817,0,Anantapur,Dell Laptop,Chrome,0,0,0
49.40496433128171,175.9350887989322,13.558126285228633,0,Anantapur,Dell Laptop,Chrome,0,0,0
54.60732265383338,176.39714434867287,7.50719319440326,0,Anantapur,Dell Laptop,Chrome,0,0,0
73.63376541035915,168.0140135167835,15.705503428184679,0,Anantapur,Office Desktop,Chrome,2,0,0
52.78467941520749,113.76978300405028,8.845138589540122,0,Anantapur,Dell Laptop,Chrome,0,0,0
88.59786503139951,129.52353593295493,13.970190908719996,0,Anantapur,Dell Laptop,Chrome,0,0,0
56.26716939244392,183.89363092255599,23.07108063729381,0,Anantapur,Dell Laptop,Chrome,0,0,0
43.61316532780893,170.50906365634054,6.137071628988416,0,Anantapur,Dell Laptop,Chrome,0,0,0
69.72967194996046,100.46056782879523,16.507316416232058,0,Anantapur,Dell Laptop,Chrome,0,0,0
50.197983526935964,139.12176783216006,10.113772605698859,0,Anantapur,Dell Laptop,Chrome,0,0,0
35.10453648709599,178.18240488938648,8.429321672310138,0,Anantapur,Office Desktop,Chrome,1,0,0
119.77947547580385,552.4175545885237,0.3189565781146335,2,Unknown IP,MacBook,Firefox,40,1,1
48.53595508344101,123.2130444944746,6.138168522107615,0,Anantapur,Dell Laptop,Chrome,0,0,0
160.3307784741033,521.1328467277417,3.83334782052116,4,Russia,MacBook,Chrome,43,1,1
55.60296857654667,111.52462525961383,15.188889941625145,0,Anantapur,Dell Laptop,Chrome,0,0,0
52.646088869634966,143.78846141663226,10.357792202281326,1,Anantapur,Dell Laptop,Chrome,1,0,0
49.72649805635052,132.6886823395206,8.559069867661144,0,Anantapur,Dell Laptop,Chrome,0,0,0
48.91162033940854,156.7701171897994,8.202822563712811,0,Hyderabad,Dell Laptop,Chrome,0,0,0
57.44372281424991,101.18855169377252,19.299998684429397,0,Anantapur,Dell Laptop,Chrome,1,0,0
59.266214444546954,212.08046448461826,17.692902059204393,0,Anantapur,Dell Laptop,Chrome,0,0,0
51.96741032782574,149.89534081652712,15.26668674393018,0,Anantapur,Dell Laptop,Chrome,0,0,0
129.0975072343862,502.1970775773316,21.810857465130844,4,Tor Node,Unknown Mobile,Firefox,14,1,1
69.07166457944281,139.77584543533132,10.510418991423357,0,Hyderabad,Dell Laptop,Chrome,0,0,0
50.35816801825769,134.1829748317523,12.788974437347344,0,Anantapur,Dell Laptop,Chrome,0,0,0
59.325696900174684,179.97484132157322,11.191870007407566,0,Anantapur,Dell Laptop,Chrome,0,0,0
60.89256431674207,120.62846892412256,3.623346481930458,0,Anantapur,Dell Laptop,Chrome,0,0,0
64.20994891756077,174.40615496063498,14.045143169095097,0,Anantapur,Dell Laptop,Chrome,2,0,0
57.45053314508931,128.05042980064073,14.169528218620774,0,Anantapur,Dell Laptop,Chrome,1,0,0
62.058198588356404,168.70253853358386,11.705709880713124,0,Anantapur,Dell Laptop,Chrome,0,0,0
71.101041625076,177.89282053773613,11.778136336392569,0,Anantapur,Dell Laptop,Chrome,0,0,0
75.01214134465103,176.45255754933302,10.76201452276124,0,Anantapur,Dell Laptop,Chrome,0,0,0
105.01330915715812,31.191232993369514,23.26871267507228,3,Russia,MacBook,Tor Browser,17,1,1
50.659672108208504,169.3964829989826,10.40288663757065,0,Hyderabad,Dell Laptop,Chrome,0,0,0
54.22124941597192,95.75075297338411,11.93897444809625,0,Anantapur,Dell Laptop,Chrome,0,0,0
61.18938691985713,159.85231724155437,4.756861715839821,0,Anantapur,Dell Laptop,Chrome,0,0,0
57.65655137625983,207.5543060553261,5.705446959390429,0,Anantapur,Dell Laptop,Chrome,0,0,0
57.68619265621556,174.66289574964782,12.681089865601175,0,Hyderabad,Office Desktop,Chrome,0,0,0
55.094539305088226,155.14970205074732,14.031606038738188,0,Anantapur,Dell Laptop,Chrome,0,0,0
63.392454213330936,164.10733208768485,13.515879945264157,0,Anantapur,Dell Laptop,Chrome,0,0,0
58.765805378522685,142.8938379133548,15.33228042353043,0,Hyderabad,Office Desktop,Chrome,0,0,0
56.49281283254259,197.69349611462712,12.138222148454954,0,Anantapur,Office Desktop,Chrome,2,0,0
57.95847344488872,100.57121230664418,18.164682781466603,0,Anantapur,Dell Laptop,Chrome,0,0,0
6.671546483509196,25.011933438437055,4.5283433335067045,5,Russia,Unknown Mobile,Chrome,30,1,1
60.70645197269263,179.3790857343994,8.550507913338508,0,Anantapur,Dell Laptop,Chrome,0,0,0
47.24555238180143,143.83372849942194,12.393590912325916,0,Anantapur,Dell Laptop,Chrome,0,0,0
48.62504178950721,127.35771770565371,13.393152019196357,0,Hyderabad,Dell Laptop,Chrome,1,0,0
60.06378237198872,139.81440768369276,8.417020125311192,0,Anantapur,Office Desktop,Chrome,0,0,0
51.887034794008855,99.90778026721102,14.921466401668356,0,Anantapur,Office Desktop,Chrome,0,0,0
61.693066463736315,192.62388584718906,11.303905433408968,0,Anantapur,Dell Laptop,Chrome,0,0,0
9.142623068597729,673.356455207043,0.19552691257844046,4,Unknown IP,Unknown Mobile,Tor Browser,18,1,1
67.62630660963936,153.38081848822736,8.04950806021087,0,Anantapur,Dell Laptop,Chrome,0,0,0
59.25261175838994,161.82962508881195,7.602224472051995,0,Anantapur,Dell Laptop,Chrome,0,0,0
48.68050912052816,128.03490647605003,12.592841023263734,0,Anantapur,Dell Laptop,Chrome,0,0,0
54.89375883919875,151.30490373031466,7.077607868594802,0,Anantapur,Office Desktop,Chrome,0,0,0
52.13809433699214,130.06619346396388,14.529829843305343,0,Anantapur,Office Desktop,Chrome,0,0,0
71.42246080899106,182.15878285818252,14.863028235196474,0,Anantapur,Dell Laptop,Chrome,0,0,0
59.95792823375853,129.2808047505559,15.343598156957857,0,Anantapur,Dell Laptop,Chrome,0,0,0
57.091560201731106,106.37080122809968,3.683034916602894,0,Anantapur,Office Desktop,Chrome,0,0,0
67.10795546948151,195.1974899990677,11.093013781843657,0,Anantapur,Dell Laptop,Chrome,0,0,0
155.95355537976948,585.8477776629742,0.6486867905509222,2,Russia,MacBook,Firefox,19,1,1
60.094404668819585,122.95099460751791,13.048219962773054,0,Anantapur,Office Desktop,Chrome,0,0,0
57.32950524126756,203.76550535095026,9.489411810202679,0,Hyderabad,Dell Laptop,Chrome,0,0,0
52.09839263867714,136.58946353379133,18.507967817315784,0,Anantapur,Dell Laptop,Chrome,0,0,0
48.55744950447864,109.65785219915637,15.75320397636376,0,Anantapur,Office Desktop,Chrome,0,0,0
180.02351470595286,14.707637758725232,20.898225984123368,3,Unknown IP,Unknown Mobile,Tor Browser,21,1,1
9.830985822533936,15.913812732801729,23.51455817086438,4,Russia,Unknown Mobile,Firefox,12,1,1
68.07450287055062,129.43265576172192,16.962608842360314,0,Anantapur,Dell Laptop,Chrome,0,0,0
55.03273866485499,202.38708671261372,13.42249229336357,0,Anantapur,Dell Laptop,Chrome,0,0,0
56.11585523255505,187.30933497154732,16.553211307054962,0,Anantapur,Dell Laptop,Chrome,1,0,0
141.87787705181833,476.518498719485,22.798518020674877,4,Russia,Dell Laptop,Tor Browser,16,1,1
80.44971201136582,113.14988717931203,11.80155054599999,0,Anantapur,Dell Laptop,Chrome,0,0,0
43.808449483242526,203.43208286350662,14.709280153161107,0,Anantapur,Office Desktop,Chrome,2,0,0
60.387556615643774,163.6549770736323,9.664577813333432,0,Anantapur,Dell Laptop,Chrome,0,0,0
54.63931610028616,107.62660682635331,15.067106677525526,0,Anantapur,Dell Laptop,Chrome,0,0,0
64.19205138703785,157.72362681040255,11.736151982202836,0,Anantapur,Office Desktop,Chrome,0,0,0
75.38022502905251,144.13417680967828,8.359473579564893,0,Anantapur,Dell Laptop,Chrome,0,0,0
71.40455244659455,116.81074447235454,13.066408381027005,0,Anantapur,Office Desktop,Chrome,0,0,0
44.45191271155073,168.4594903115722,13.066590241131465,0,Anantapur,Office Desktop,Chrome,0,0,0
59.77339643480333,118.50988796876022,9.50485234892854,0,Anantapur,Dell Laptop,Chrome,0,0,0
62.44438814538099,121.28776881998444,11.874381871937976,0,Anantapur,Dell Laptop,Chrome,1,0,0
66.85422074871306,144.08484424472442,4.4553566842890975,0,Anantapur,Dell Laptop,Chrome,2,0,0
58.66312237030817,127.63160775916809,19.407894861805662,0,Anantapur,Office Desktop,Chrome,0,0,0
66.08519379430633,122.23784490931038,16.83528465542424,1,Hyderabad,Dell Laptop,Chrome,0,0,0
43.69383012457459,199.03882083407143,14.11397835439073,0,Anantapur,Dell Laptop,Chrome,0,0,0
57.61799451371914,153.36241375461682,12.236149468617654,0,Anantapur,Office Desktop,Chrome,0,0,0
63.241019115297036,142.21432747035442,1.9608126142792557,0,Anantapur,Dell Laptop,Chrome,0,0,0
42.43791681722887,181.64752998600227,13.411005342019777,1,Anantapur,Dell Laptop,Chrome,0,0,0
73.0085994303874,130.7325541562016,11.10118688574932,0,Anantapur,Office Desktop,Chrome,0,0,0
64.29821825049446,162.78719928375952,10.489925520083343,1,Hyderabad,Office Desktop,Chrome,0,0,0
71.13639471324669,92.24671228758197,12.007144061394287,0,Hyderabad,Dell Laptop,Chrome,0,0,0
60.55018052948521,171.8086975927746,9.55730416453769,0,Anantapur,Dell Laptop,Chrome,0,0,0
60.85420517210972,136.34657042210583,15.335886473044699,0,Anantapur,Office Desktop,Chrome,1,0,0
38.785615959396964,158.43976619256983,18.079099482757513,0,Anantapur,Office Desktop,Chrome,0,0,0
72.35608399469791,191.4326689304363,12.682793284061857,0,Anantapur,Dell Laptop,Chrome,1,0,0
59.985842346913905,144.3479485100898,4.646955806675685,0,Anantapur,Dell Laptop,Chrome,0,0,0
74.40042781597933,162.5831860766836,9.702090872284419,0,Anantapur,Dell Laptop,Chrome,0,0,0
72.44547764166232,139.10540570544123,9.469072394852429,0,Anantapur,Office Desktop,Chrome,0,0,0
68.30424607327788,155.18626216062344,9.90619663301655,0,Anantapur,Dell Laptop,Chrome,0,0,0
77.77223534753368,154.0360298319461,10.947737959861593,0,Anantapur,Office Desktop,Chrome,0,0,0
62.587075146724885,162.10525295539247,14.316095718329755,0,Anantapur,Office Desktop,Chrome,0,0,0
58.739788439376085,139.36488891681532,5.23411093033667,0,Anantapur,Dell Laptop,Chrome,0,0,0
42.86445708168735,186.9965471491279,12.970641564279196,0,Anantapur,Office Desktop,Chrome,0,0,0
59.162301474937216,184.85492072331948,8.293530012242604,0,Hyderabad,Office Desktop,Chrome,0,0,0
51.15086369803919,145.7418755710135,9.179645863357182,0,Anantapur,Office Desktop,Chrome,0,0,0
62.38085428666155,134.43596621597067,16.997083310189623,0,Anantapur,Dell Laptop,Chrome,0,0,0
38.208048677569664,170.62951450601162,10.280469364123856,0,Hyderabad,Office Desktop,Chrome,1,0,0
50.591752124433235,87.35806262334572,14.933041797595282,0,Anantapur,Dell Laptop,Chrome,0,0,0
54.353148328155356,155.22352389570347,13.144387930089032,0,Anantapur,Dell Laptop,Chrome,0,0,0
73.3737094205901,183.43311015961447,4.743483243613894,0,Anantapur,Dell Laptop,Chrome,0,0,0
67.53072578087226,135.38252614587898,8.078961279484032,0,Anantapur,Dell Laptop,Chrome,0,0,0
61.48885355828308,194.92772692849508,10.324967740005361,0,Anantapur,Dell Laptop,Chrome,0,0,0
52.01231330886905,188.91813111907138,8.884943805767305,0,Anantapur,Office Desktop,Chrome,0,0,0
47.80758399462003,134.1124188412676,13.505695485432662,0,Anantapur,Dell Laptop,Chrome,1,0,0
73.17348016880575,116.6957991773077,15.885096076108956,0,Anantapur,Dell Laptop,Chrome,0,0,0
52.73586354567452,176.03078529104678,15.965403623316016,0,Anantapur,Dell Laptop,Chrome,0,0,0
58.99008127920793,132.30753768937586,8.510975254941979,0,Anantapur,Dell Laptop,Chrome,0,0,0
134.90278069773854,304.2014300295172,22.193097098784943,4,Unknown IP,Unknown Mobile,Firefox,31,1,1
50.26482697832388,138.48459230428176,9.602183190203952,0,Anantapur,Dell Laptop,Chrome,0,0,0
69.64481109748431,162.82063307191382,6.555003631152092,0,Anantapur,Dell Laptop,Chrome,0,0,0
55.399245726929,111.28436748095515,17.275613660411267,0,Anantapur,Dell Laptop,Chrome,0,0,0
1.5487897594460787,18.907359748718648,4.782809272222683,3,Russia,Unknown Mobile,Chrome,8,1,1
67.8605158206347,189.28762809097174,5.779993425838215,0,Anantapur,Dell Laptop,Chrome,0,0,0
63.37815055758858,188.517370362064,15.66027670494439,0,Anantapur,Dell Laptop,Chrome,1,0,0
73.56399183874213,178.26402685163072,8.942591531108958,0,Anantapur,Dell Laptop,Chrome,0,0,0
68.39504544502665,135.0081888096422,8.762468053572622,0,Anantapur,Dell Laptop,Chrome,2,0,0
54.50558554669746,154.19516552692102,8.29365292717158,0,Anantapur,Office Desktop,Chrome,0,0,0
72.96824573510244,147.80018607108687,15.914482647607759,0,Anantapur,Office Desktop,Chrome,1,0,0
52.205397791312784,173.27988166847203,8.840071690869282,0,Anantapur,Dell Laptop,Chrome,1,0,0
49.233113712283355,168.3289640156151,9.05191460696178,0,Hyderabad,Dell Laptop,Chrome,2,0,0
40.75938696552341,132.05602847501575,9.246772391644473,0,Hyderabad,Dell Laptop,Chrome,0,0,0
60.70530323541401,138.95562666651836,11.476911355928788,0,Hyderabad,Dell Laptop,Chrome,0,0,0
57.671230238827704,172.169712685232,20.891552440759934,0,Hyderabad,Office Desktop,Chrome,2,0,0
50.690297386480864,118.09270904803338,14.419462544843094,0,Anantapur,Office Desktop,Chrome,0,0,0
64.62728713049233,239.86341885242513,8.94201851881861,0,Anantapur,Office Desktop,Chrome,0,0,0
51.066266734272205,154.9544708993774,9.794695953261567,0,Anantapur,Dell Laptop,Chrome,0,0,0
68.42457361549741,177.52890016043423,11.77060962175165,0,Anantapur,Dell Laptop,Chrome,0,0,0
64.45853187490823,192.28589713450444,11.748474376557205,1,Anantapur,Office Desktop,Chrome,0,0,0
69.28248227888669,161.76040673253695,17.652081966066064,0,Anantapur,Dell Laptop,Chrome,0,0,0
59.258186528891024,165.45621813616538,11.332965410802974,1,Anantapur,Dell Laptop,Chrome,0,0,0
45.57679175395788,162.9948952244969,16.014745115434962,0,Anantapur,Dell Laptop,Chrome,0,0,0
61.484866066463944,149.17723014458804,10.495818024670905,0,Anantapur,Dell Laptop,Chrome,0,0,0
72.50342403108603,113.09721846191182,9.914072296770621,0,Anantapur,Dell Laptop,Chrome,0,0,0
64.26861872168463,159.27644626954768,6.3180666442234745,0,Anantapur,Dell Laptop,Chrome,0,0,0
49.38443681379019,168.23412922776478,7.9100801613957215,0,Anantapur,Office Desktop,Chrome,0,0,0
13.915498004668416,690.5731148137688,2.7009964392142987,3,Tor Node,MacBook,Tor Browser,27,1,1
46.404145210476855,158.3937727775434,12.437547626869028,0,Anantapur,Dell Laptop,Chrome,0,0,0
70.55018189271367,113.4613394600835,7.558384839733423,1,Hyderabad,Office Desktop,Chrome,0,0,0
65.44638835661851,140.90842126974889,14.383289945740627,0,Anantapur,Dell Laptop,Chrome,0,0,0
61.770187895321826,134.51102686201432,13.745306347823322,0,Anantapur,Dell Laptop,Chrome,0,0,0
77.8703953983237,171.64475772230998,11.07822451819986,0,Anantapur,Dell Laptop,Chrome,0,0,0
6.057407604614202,0.0,4.2692236803831705,5,Anantapur,Unknown Mobile,Firefox,6,1,1
44.59612123716013,153.9962381458824,15.731765074794968,0,Anantapur,Dell Laptop,Chrome,0,0,0
62.60935800257555,184.22273096616442,10.541234287782965,0,Anantapur,Dell Laptop,Chrome,0,0,0
56.108536405439004,187.25185869545766,15.356663517990174,0,Anantapur,Dell Laptop,Chrome,1,0,0
55.53813694589373,120.44110448224373,14.254914277480662,0,Anantapur,Dell Laptop,Chrome,1,0,0
43.741744232511195,158.73221052991983,9.904688187463453,0,Anantapur,Dell Laptop,Chrome,0,0,0
49.53510187015716,184.56568084824545,11.356348652063712,0,Hyderabad,Dell Laptop,Chrome,0,0,0
76.1585473940898,184.38973718020594,11.486165545295538,0,Hyderabad,Office Desktop,Chrome,0,0,0
50.53965326189149,187.37868961985026,8.942862784844188,0,Anantapur,Dell Laptop,Chrome,0,0,0
62.04612309014517,127.13052202496114,11.492390665282167,0,Hyderabad,Office Desktop,Chrome,0,0,0
42.78551574312954,165.68500613684856,17.85490057202143,0,Anantapur,Office Desktop,Chrome,0,0,0
47.90297814119832,178.71322283559823,12.994532754156255,0,Anantapur,Dell Laptop,Chrome,1,0,0
51.3377808707853,128.96738039399298,19.971801843615353,0,Anantapur,Dell Laptop,Chrome,1,0,0
66.67594033466814,141.221552156121,8.971252421321736,0,Anantapur,Dell Laptop,Chrome,0,0,0
58.035949982878265,186.529079080771,13.300907939690985,0,Hyderabad,Dell Laptop,Chrome,0,0,0
57.41683971721128,152.90409000660122,12.963705590925326,0,Hyderabad,Office Desktop,Chrome,0,0,0
45.45635933779995,106.32797974694941,3.410746268209019,0,Anantapur,Office Desktop,Chrome,0,0,0
58.064696572833874,154.94035815555242,8.09446446679637,0,Anantapur,Dell Laptop,Chrome,2,0,0
37.85745659154537,125.99584061714695,8.533825076026964,1,Anantapur,Office Desktop,Chrome,0,0,0
68.72627578954305,192.17411801103324,12.48999369120433,0,Hyderabad,Dell Laptop,Chrome,0,0,0
180.66606134667384,248.60480910972944,3.8859792604050947,2,Tor Node,Unknown Mobile,Tor Browser,28,1,1
68.4998171351729,227.97489803012223,15.080272130315219,0,Anantapur,Dell Laptop,Chrome,0,0,0
75.6401253220745,169.15597613128332,4.498162939771966,0,Anantapur,Dell Laptop,Chrome,0,0,0
69.59709277460087,109.50520599708463,10.866833659170446,0,Anantapur,Office Desktop,Chrome,0,0,0
57.95116760213714,156.57441364304643,6.897016102060444,0,Hyderabad,Dell Laptop,Chrome,0,0,0
59.93830256119248,117.10853566068191,15.763355330544579,0,Anantapur,Dell Laptop,Chrome,0,0,0
48.97044614105452,150.24329428809844,6.858669421561365,0,Hyderabad,Office Desktop,Chrome,0,0,0
62.76571848417614,126.51058505065916,15.763651581947563,0,Anantapur,Dell Laptop,Chrome,0,0,0
55.80953803156621,151.21464673062576,11.910532927747669,0,Anantapur,Dell Laptop,Chrome,0,0,0
65.02631876827819,159.8893904232474,15.29378943734502,0,Anantapur,Dell Laptop,Chrome,0,0,0
76.19691270582068,188.9842198184986,9.143300586101343,0,Anantapur,Dell Laptop,Chrome,0,0,0
58.34480005707814,121.59613959973623,16.15257294284074,0,Anantapur,Dell Laptop,Chrome,0,0,0
154.91082558612086,31.44681061199826,23.036771086500252,2,Russia,Unknown Mobile,Tor Browser,15,1,1
58.39172508945096,144.26483075167405,8.257633313443737,0,Anantapur,Dell Laptop,Chrome,1,0,0
60.9630443209259,188.98220162910846,16.063289150112233,0,Anantapur,Dell Laptop,Chrome,0,0,0
159.7362627173209,576.0876481737757,4.872443720397921,2,Unknown IP,Unknown Mobile,Chrome,39,1,1
51.17959427862829,182.42803301789593,17.146193866209668,0,Anantapur,Office Desktop,Chrome,0,0,0
58.79800335396134,156.10016782643163,2.971655045693444,0,Anantapur,Office Desktop,Chrome,1,0,0
50.19234429107064,138.46820890489397,8.960544133986303,0,Anantapur,Dell Laptop,Chrome,1,0,0
0.3096901813185795,15.3689040488158,22.3791609784027,2,Russia,MacBook,Tor Browser,22,1,1
52.973987519736745,127.34249773358552,11.40877928800746,0,Anantapur,Dell Laptop,Chrome,0,0,0
48.984264441383736,160.71830627451988,14.402161829818866,0,Anantapur,Dell Laptop,Chrome,1,0,0
42.778983471588646,176.24505817245344,17.69516176416844,0,Anantapur,Dell Laptop,Chrome,0,0,0
58.170469454263674,143.76554816214363,6.49631382684946,0,Hyderabad,Office Desktop,Chrome,0,0,0
58.37602691365638,173.90037058780257,23.43459022698918,0,Hyderabad,Office Desktop,Chrome,0,0,0
50.451248548029625,164.60339160573767,9.597640483777985,0,Anantapur,Dell Laptop,Chrome,0,0,0
39.3659226382983,183.13785382909978,17.991193459521075,0,Anantapur,Dell Laptop,Chrome,0,0,0
68.32070486714835,182.3317614394946,12.057646937773244,0,Anantapur,Office Desktop,Chrome,0,0,0
62.64944683043456,146.11586327188087,11.514179993378988,1,Hyderabad,Dell Laptop,Chrome,0,0,0
67.64441710610801,174.8612207420192,8.418997065291014,0,Anantapur,Dell Laptop,Chrome,0,0,0
61.9146434713368,150.829750842339,11.821051509142363,0,Anantapur,Office Desktop,Chrome,1,0,0
60.390728208763186,158.0547402703523,6.630311499378707,0,Anantapur,Dell Laptop,Chrome,0,0,0
59.08306211980059,197.46110695177472,6.51948154870716,0,Anantapur,Office Desktop,Chrome,0,0,0
61.70177811894942,202.48465408191538,8.4693252379761,0,Anantapur,Dell Laptop,Chrome,0,0,0
73.43091542575613,154.674671710778,14.569218327322412,0,Hyderabad,Dell Laptop,Chrome,0,0,0
53.50804507173503,134.46963498094127,6.4053601273909715,0,Anantapur,Office Desktop,Chrome,0,0,0
64.1219694253375,127.74482917978587,14.24403066422585,0,Anantapur,Dell Laptop,Chrome,0,0,0
47.34116659951579,165.23291914040462,11.033697726672228,0,Anantapur,Office Desktop,Chrome,0,0,0
57.03929930785525,152.26546191973702,8.332813338279438,0,Anantapur,Dell Laptop,Chrome,0,0,0
61.24815575871164,187.70801544547413,18.528792654694826,0,Anantapur,Dell Laptop,Chrome,0,0,0
50.300772693924166,153.81202580120336,6.832814549262893,0,Anantapur,Dell Laptop,Chrome,2,0,0
75.8138404089363,129.54455310815968,7.919191722128533,0,Anantapur,Dell Laptop,Chrome,0,0,0
49.6547056372748,149.90084249877694,12.52381742552266,0,Anantapur,Office Desktop,Chrome,0,0,0
57.01920498797884,130.0569164980884,11.443037212926168,0,Hyderabad,Dell Laptop,Chrome,0,0,0
55.93055116220356,170.9677624706913,4.523023912982624,0,Anantapur,Office Desktop,Chrome,1,0,0
43.36382061508537,163.64671658413593,7.754120625742104,0,Anantapur,Office Desktop,Chrome,1,0,0
49.92473540127394,152.02876448696162,19.396074629699527,0,Anantapur,Dell Laptop,Chrome,0,0,0
70.09176304973846,103.97683837018502,13.111949169344161,0,Hyderabad,Dell Laptop,Chrome,0,0,0
48.92976601737031,132.94008336965635,8.397615027454519,0,Anantapur,Dell Laptop,Chrome,0,0,0
65.23785637646571,182.89255941149008,10.458132155010288,0,Anantapur,Office Desktop,Chrome,1,0,0
63.09780638180463,136.62233766494765,2.3338932176407,0,Anantapur,Office Desktop,Chrome,0,0,0
64.00565689719805,177.43581747716706,15.428380086906005,0,Anantapur,Office Desktop,Chrome,0,0,0
64.48877399301041,206.81802088915583,8.569480087199967,0,Hyderabad,Dell Laptop,Chrome,0,0,0
70.41725009343773,181.95184262905687,19.144602354837886,1,Anantapur,Dell Laptop,Chrome,0,0,0
104.47192923643556,504.7020557812264,5.100022032371904,3,Russia,MacBook,Tor Browser,7,1,1
67.53989159371763,91.65394524566705,10.5960511490217,0,Anantapur,Dell Laptop,Chrome,0,0,0
45.703362336178266,162.68059574859797,8.546255547521994,0,Anantapur,Dell Laptop,Chrome,0,0,0
16.154330860124993,463.9775426193661,4.32766200466221,4,Tor Node,Unknown Mobile,Firefox,27,1,1
50.25413311758116,189.39415534573374,13.604685284799979,0,Anantapur,Office Desktop,Chrome,0,0,0
160.73210096164078,0.0,1.0085146492229744,2,Unknown IP,Unknown Mobile,Firefox,13,1,1
59.920404972731106,155.7862961646889,12.68883366482852,0,Anantapur,Dell Laptop,Chrome,0,0,0
55.98895834456285,176.06778878666788,16.16388106993386,0,Anantapur,Office Desktop,Chrome,0,0,0
56.411168263263164,157.1420930047301,4.059505205661668,0,Anantapur,Dell Laptop,Chrome,0,0,0
55.32142905592185,197.7789919596931,11.000342961390203,0,Anantapur,Dell Laptop,Chrome,0,0,0
154.353408107135,618.7773940940993,21.081431579194945,5,Tor Node,Dell Laptop,Tor Browser,26,1,1
59.8934306732769,154.550126424943,11.310536556245184,0,Anantapur,Dell Laptop,Chrome,0,0,0
81.45943837826628,180.23316956984326,11.468244412539972,0,Anantapur,Dell Laptop,Chrome,2,0,0
77.58430010923226,125.33507688779811,8.337877964874552,1,Anantapur,Office Desktop,Chrome,0,0,0
62.739323764788935,180.13617503354595,14.350316395721677,0,Hyderabad,Dell Laptop,Chrome,2,0,0
55.5041604401572,134.84868995371667,11.914841209025122,0,Anantapur,Office Desktop,Chrome,1,0,0
68.15326286554452,126.89210957786077,8.901093024257014,1,Hyderabad,Office Desktop,Chrome,0,0,0
51.60354982115388,183.2481323065996,17.71264124928865,0,Anantapur,Office Desktop,Chrome,0,0,0
60.32659888026054,147.41298855440687,13.556027735413858,0,Anantapur,Dell Laptop,Chrome,0,0,0
72.47085712441154,147.8426750594017,7.49909537651299,0,Anantapur,Dell Laptop,Chrome,0,0,0
58.716759007000846,111.56545650831441,12.297168888435477,0,Anantapur,Office Desktop,Chrome,0,0,0
67.36999122885214,116.71054482947558,10.819857980611072,1,Anantapur,Dell Laptop,Chrome,1,0,0
65.26887074482966,182.50430491332656,14.912361283889842,0,Hyderabad,Dell Laptop,Chrome,0,0,0
50.24037485918017,157.54678119882635,14.079095266241074,0,Anantapur,Dell Laptop,Chrome,0,0,0
65.53111698303091,143.12149483273748,14.148197257387764,0,Anantapur,Dell Laptop,Chrome,0,0,0
55.99693432735496,192.89772704695207,10.710421814570964,0,Anantapur,Dell Laptop,Chrome,0,0,0
72.74812017009138,137.2497421403475,6.873334029696401,0,Anantapur,Dell Laptop,Chrome,0,0,0
60.44185573196487,112.55331210779678,6.694195220887728,0,Anantapur,Office Desktop,Chrome,0,0,0
54.24162533872278,143.9365376995186,11.977821138999383,0,Anantapur,Dell Laptop,Chrome,0,0,0
55.169357311929495,168.09500999818744,15.197784420928913,0,Anantapur,Dell Laptop,Chrome,0,0,0
53.31408258954344,205.21702828173196,5.889264692743146,0,Anantapur,Dell Laptop,Chrome,0,0,0
148.57495772423133,19.714021195918328,1.1647921618306432,2,Russia,MacBook,Firefox,23,1,1
38.70736561579055,157.51824011432294,11.726181733630195,0,Anantapur,Dell Laptop,Chrome,1,0,0
63.49602417145651,95.21758436296889,0.5253914357825096,0,Anantapur,Dell Laptop,Chrome,0,0,0
64.90198003634782,145.1772440029825,15.361838057094596,0,Hyderabad,Dell Laptop,Chrome,0,0,0
56.79434643074374,173.9778279172595,14.933155878827918,0,Anantapur,Dell Laptop,Chrome,0,0,0
70.005587872857,159.0127131344092,15.101597006571835,0,Hyderabad,Dell Laptop,Chrome,0,0,0
70.07580413208343,169.70749477006675,10.572964999743505,0,Anantapur,Dell Laptop,Chrome,0,0,0
48.8634990091153,180.57109010288454,10.103523137830079,0,Hyderabad,Dell Laptop,Chrome,0,0,0
64.285505010577,151.5254025036794,5.878950668771261,0,Anantapur,Dell Laptop,Chrome,0,0,0
70.47517587542924,176.67698262025695,9.508759546219572,0,Anantapur,Dell Laptop,Chrome,0,0,0
61.71952761671158,181.7808385118079,9.483338709852974,0,Hyderabad,Dell Laptop,Chrome,0,0,0
66.98512711598484,192.81319706091455,12.197522901600871,0,Hyderabad,Dell Laptop,Chrome,0,0,0
68.8874476229265,161.74159537327995,15.897237944755863,0,Anantapur,Dell Laptop,Chrome,1,0,0
62.46110951010154,187.28600180868474,6.481317004489065,0,Anantapur,Dell Laptop,Chrome,0,0,0
50.8871732001449,168.87970194170407,6.971499298489485,0,Anantapur,Dell Laptop,Chrome,0,0,0
75.20484836779647,214.91858011317703,10.342359233736383,0,Hyderabad,Dell Laptop,Chrome,0,0,0
72.04135839909729,157.56889777790363,12.582173025829844,0,Anantapur,Office Desktop,Chrome,0,0,0
45.9597232359294,172.68189401315792,13.968618027578218,0,Hyderabad,Dell Laptop,Chrome,0,0,0
17.2701066841928,34.18584978293166,0.37275945984291425,5,Tor Node,Dell Laptop,Firefox,28,1,1
1.219743472640161,411.18554275802484,23.841827529808924,4,Unknown IP,Unknown Mobile,Chrome,36,1,1
57.898713448500736,104.98539874190305,13.47045618735819,0,Anantapur,Dell Laptop,Chrome,1,0,0
62.80707210256284,153.33519467197587,6.876437961222599,0,Anantapur,Office Desktop,Chrome,0,0,0
56.441045983710886,149.76857224928767,14.921569103296623,0,Anantapur,Office Desktop,Chrome,0,0,0
45.82091272842846,155.48238976277872,9.509206346655635,0,Anantapur,Dell Laptop,Chrome,0,0,0
67.54770587693653,157.51787685179409,18.061690305758148,0,Anantapur,Dell Laptop,Chrome,0,0,0
11.71949265179839,11.562726630836858,1.3554178135111101,5,Unknown IP,Unknown Mobile,Firefox,38,1,1
59.54570192383987,158.25864577313698,16.896168301378523,0,Hyderabad,Dell Laptop,Chrome,0,0,0
53.347034465065896,150.212652351849,10.190371057570651,0,Anantapur,Dell Laptop,Chrome,0,0,0
85.15200052155416,203.42810375541433,15.889832991652268,0,Anantapur,Dell Laptop,Chrome,0,0,0
62.71163371959005,122.58483416810608,13.242474853540568,0,Anantapur,Dell Laptop,Chrome,0,0,0
51.881785650353905,166.13032083589755,14.736018318244614,0,Anantapur,Dell Laptop,Chrome,1,0,0
66.5370572961727,148.6050924677261,14.32873624068625,0,Anantapur,Dell Laptop,Chrome,0,0,0
48.870877856678476,170.82026387901388,11.839256699021256,0,Anantapur,Office Desktop,Chrome,1,0,0
64.5842405370684,156.76675239888237,14.028768862344005,0,Anantapur,Dell Laptop,Chrome,0,0,0
126.21169631181137,20.11928304183986,1.377420212366269,5,Anantapur,Unknown Mobile,Chrome,30,1,1
51.78488521550563,150.53748094280732,12.33223415802815,0,Anantapur,Dell Laptop,Chrome,0,0,0
34.89905384751417,160.76164205812276,15.417015034269992,0,Anantapur,Dell Laptop,Chrome,2,0,0
73.28689733246837,125.75490310512815,15.334004780069629,0,Anantapur,Dell Laptop,Chrome,0,0,0
50.33393128951189,183.6679641018751,10.90630939010398,0,Anantapur,Dell Laptop,Chrome,0,0,0
45.84191918765247,198.67789129480084,11.599247989292486,0,Anantapur,Office Desktop,Chrome,1,0,0
44.998333659588496,111.24293725263779,14.212722017473096,0,Hyderabad,Office Desktop,Chrome,0,0,0
63.819373437131325,120.83559886461528,18.31194170892726,0,Anantapur,Dell Laptop,Chrome,0,0,0
43.296487911556525,149.93141164926678,15.458211448201297,0,Anantapur,Office Desktop,Chrome,0,0,0
63.46399221262981,96.90916459307984,10.319510255075823,0,Anantapur,Dell Laptop,Chrome,0,0,0
76.2451893121355,105.99770524886337,7.162770756608074,1,Hyderabad,Office Desktop,Chrome,0,0,0
12.178697230008074,23.08032758316744,23.55247849928615,5,Tor Node,Unknown Mobile,Firefox,27,1,1
171.52188941060166,442.97256114304435,2.0925625837463064,2,Unknown IP,MacBook,Tor Browser,46,1,1
60.114547156047124,150.1803321752892,17.46362078698611,0,Anantapur,Dell Laptop,Chrome,0,0,0
83.89530568473634,186.13828756403325,13.722714158827973,0,Anantapur,Dell Laptop,Chrome,0,0,0
73.94508667852739,141.61742031923467,10.617178212345806,0,Anantapur,Dell Laptop,Chrome,0,0,0
71.51048342040322,121.27055753454806,15.350682395302641,0,Hyderabad,Dell Laptop,Chrome,0,0,0
56.87384503650537,167.39311157393226,12.514374363965352,0,Anantapur,Office Desktop,Chrome,1,0,0
72.33624930076311,126.30687491698714,11.165462346482595,0,Anantapur,Office Desktop,Chrome,0,0,0
55.81061351621551,176.82063289951572,16.150067972320226,1,Hyderabad,Dell Laptop,Chrome,0,0,0
7.496682452182153,17.968344207419086,22.84012427185413,5,Russia,Dell Laptop,Tor Browser,19,1,1
55.31849877697993,178.94651861417054,6.160866898169225,0,Hyderabad,Dell Laptop,Chrome,0,0,0
9.646571762809282,20.188844238377435,23.13216678797757,5,Unknown IP,Unknown Mobile,Firefox,6,1,1
61.7768787504701,154.8786316443632,12.280708008373002,0,Anantapur,Dell Laptop,Chrome,0,0,0
64.74196665564257,148.20453105439793,14.203119222731424,0,Anantapur,Office Desktop,Chrome,0,0,0
71.85615341804044,120.24775147064264,15.945414506624807,0,Anantapur,Dell Laptop,Chrome,0,0,0
58.1190972337227,208.00137239802297,12.574393537106696,0,Anantapur,Office Desktop,Chrome,0,0,0
60.53581375195068,137.05773056429805,6.220951601611866,0,Anantapur,Dell Laptop,Chrome,0,0,0
158.22750375660274,395.65222267228296,3.151070019027068,4,Russia,Unknown Mobile,Chrome,39,1,1
15.68419130096206,19.16920995923696,3.27580066347222,2,Tor Node,MacBook,Firefox,31,1,1
64.70592760616705,99.69326879963039,5.147615370806594,0,Anantapur,Office Desktop,Chrome,0,0,0
70.86780591428658,169.52657222475563,10.318757953096545,0,Anantapur,Dell Laptop,Chrome,0,0,0
66.73627328066638,183.81411081205385,5.748903695569112,0,Anantapur,Dell Laptop,Chrome,0,0,0
69.66963235098592,127.78431914279547,14.47675011217562,0,Anantapur,Dell Laptop,Chrome,0,0,0
66.01912869994904,106.20197532792248,5.359348538015811,0,Anantapur,Office Desktop,Chrome,0,0,0
56.07102900368294,204.19353230778262,14.75790080531312,0,Hyderabad,Office Desktop,Chrome,0,0,0
66.62191569517901,103.99858123656314,8.393013137759803,0,Anantapur,Office Desktop,Chrome,0,0,0
43.7130120539296,150.85134757922663,8.324150562540396,0,Anantapur,Dell Laptop,Chrome,0,0,0
58.65751104775834,89.9196348841601,17.991612325975886,0,Anantapur,Office Desktop,Chrome,0,0,0
65.70704212176808,117.78364525351233,17.66277756697977,0,Anantapur,Dell Laptop,Chrome,0,0,0
80.58484919091262,140.2223305399964,16.88955099081925,0,Anantapur,Office Desktop,Chrome,1,0,0
42.186569791912945,137.91858021583084,12.269443960273229,0,Anantapur,Dell Laptop,Chrome,0,0,0
51.66332776979157,177.00201432008805,14.81928749507582,0,Anantapur,Office Desktop,Chrome,0,0,0
54.7615260711821,147.77167275338576,6.7515254240577605,0,Anantapur,Dell Laptop,Chrome,0,0,0
48.948307604422936,171.58734600393512,8.783771278266956,0,Anantapur,Dell Laptop,Chrome,0,0,0
56.1616758986238,157.32516399624342,11.799082924353275,0,Anantapur,Office Desktop,Chrome,0,0,0
55.89858188493707,165.72331929008305,12.516551740595917,0,Anantapur,Dell Laptop,Chrome,0,0,0
40.84531687035168,109.46669007003274,9.638115511075632,0,Anantapur,Dell Laptop,Chrome,0,0,0
62.557428828074514,178.9786120959949,7.5768349092649085,0,Anantapur,Office Desktop,Chrome,0,0,0
77.068327499183,119.07155008256018,11.447009916240166,0,Anantapur,Office Desktop,Chrome,0,0,0
52.68880936047303,181.41122316310526,12.700654087492948,0,Anantapur,Office Desktop,Chrome,0,0,0
9.01217868195422,599.7210216653918,3.254170449627363,4,Unknown IP,MacBook,Firefox,5,1,1
45.39623618382797,143.702565789456,15.714021778057107,0,Anantapur,Office Desktop,Chrome,0,0,0
67.20438612520611,144.51861951072644,5.398778695554114,0,Anantapur,Office Desktop,Chrome,0,0,0
70.74038918629739,166.78720811042515,10.870781702945571,0,Anantapur,Dell Laptop,Chrome,0,0,0
80.0627871485116,137.9130936225647,8.773126756827212,0,Hyderabad,Dell Laptop,Chrome,0,0,0
7.246119892248563,0.0,23.424737502061422,3,Unknown IP,MacBook,Firefox,44,1,1
57.374702165475185,226.92154041830668,7.959124806231298,0,Hyderabad,Dell Laptop,Chrome,0,0,0
60.63257946364777,112.16750242254551,17.516588723901545,0,Anantapur,Dell Laptop,Chrome,0,0,0
51.03470742280248,198.5174888191667,11.849645294013836,0,Anantapur,Dell Laptop,Chrome,0,0,0
61.17117303777656,174.2981049685642,12.527913180648154,0,Hyderabad,Office Desktop,Chrome,0,0,0
150.41180863574152,22.490380258245274,2.014232870926211,5,Unknown IP,Unknown Mobile,Chrome,42,1,1
60.65568939355425,146.88605920439346,10.038280549511406,0,Anantapur,Dell Laptop,Chrome,0,0,0
55.32641014493318,159.7576416397773,9.750148880865886,0,Anantapur,Dell Laptop,Chrome,0,0,0
59.265187599575846,119.88606442103007,18.842946259803927,0,Anantapur,Dell Laptop,Chrome,0,0,0
12.840648828716585,29.074416726920656,22.920523775161907,3,Unknown IP,Unknown Mobile,Firefox,29,1,1
64.30695601325046,142.16154954579724,19.962988032288685,0,Anantapur,Dell Laptop,Chrome,0,0,0
65.65651033102435,137.6925204828546,9.5492782846205,0,Anantapur,Dell Laptop,Chrome,0,0,0
65.35559312387525,104.6207697719968,13.577962290269257,0,Anantapur,Dell Laptop,Chrome,0,0,0
146.25470068643344,714.8811034684675,0.3785374528508285,4,Russia,Dell Laptop,Chrome,32,1,1
92.02372626965374,138.1339292181564,18.22074153908537,0,Anantapur,Dell Laptop,Chrome,0,0,0
62.92841389749974,168.63798942906396,15.409623771266638,0,Anantapur,Dell Laptop,Chrome,0,0,0
45.83773704085098,118.79549514078136,8.5371943735405,0,Anantapur,Dell Laptop,Chrome,0,0,0
66.86738894396764,135.46421939816815,15.60081430039744,0,Hyderabad,Dell Laptop,Chrome,0,0,0
57.02757414750425,153.41472596048473,20.840306643465105,0,Anantapur,Dell Laptop,Chrome,0,0,0
62.76361657292459,118.12283663127994,11.441977814395024,0,Anantapur,Dell Laptop,Chrome,0,0,0
74.42078442182792,119.63959365004422,10.500363026537231,0,Anantapur,Dell Laptop,Chrome,0,0,0
161.11173767122807,8.956455579161425,2.7251330676080605,3,Tor Node,MacBook,Firefox,45,1,1
60.50279205176602,135.04285104993028,17.909169587316505,0,Anantapur,Dell Laptop,Chrome,0,0,0
51.14751308083625,149.30979970493576,21.41947937371863,0,Anantapur,Dell Laptop,Chrome,1,0,0
57.0348221414058,218.87751978549883,14.912844651782647,0,Anantapur,Dell Laptop,Chrome,2,0,0
72.43998643065689,135.35096933746965,13.331531578870592,0,Anantapur,Dell Laptop,Chrome,0,0,0
66.6429465136098,151.61689942457892,15.381189061882004,0,Anantapur,Dell Laptop,Chrome,0,0,0
60.52606404072382,173.1910723252676,11.925329171109436,0,Anantapur,Dell Laptop,Chrome,0,0,0
49.19056963891913,141.1695778132267,6.45174459717586,0,Anantapur,Dell Laptop,Chrome,1,0,0
53.33466551769735,188.93524268465242,12.752182739111356,0,Anantapur,Office Desktop,Chrome,0,0,0
54.957759953007645,87.0810015101781,6.125513269169097,0,Anantapur,Office Desktop,Chrome,0,0,0
48.00214927515033,151.86040456060942,15.931965172895882,0,Anantapur,Office Desktop,Chrome,0,0,0
56.74467981846119,158.04976556883378,9.48755304912359,0,Anantapur,Dell Laptop,Chrome,0,0,0
47.37539438571457,149.6301649464365,13.51138219756302,0,Anantapur,Office Desktop,Chrome,0,0,0
60.748373269843604,171.1171397884363,10.760229344320475,1,Anantapur,Office Desktop,Chrome,0,0,0
75.76342321362412,160.17200195994704,16.82835092255951,0,Anantapur,Dell Laptop,Chrome,0,0,0
70.79819458815479,142.85265556459308,8.650442225579216,0,Anantapur,Dell Laptop,Chrome,2,0,0
50.04277967306322,146.96104854133654,16.632867085537143,0,Anantapur,Office Desktop,Chrome,0,0,0
59.658029769384896,150.9651018238837,11.408089782080399,0,Hyderabad,Dell Laptop,Chrome,0,0,0
77.35894800459388,138.661202782329,13.234228822269577,0,Anantapur,Dell Laptop,Chrome,2,0,0
61.481207533618374,181.66842810941716,15.068580858290025,0,Anantapur,Dell Laptop,Chrome,0,0,0
57.79433836266463,176.17200545105936,10.182848059417767,0,Anantapur,Dell Laptop,Chrome,0,0,0
47.27486459883579,195.7605986115765,7.2947735123722985,0,Hyderabad,Dell Laptop,Chrome,0,0,0
53.11734552048769,142.87195005924846,10.884559838684561,0,Anantapur,Office Desktop,Chrome,0,0,0
46.23222097268943,116.54626466711609,12.79455875471326,0,Anantapur,Dell Laptop,Chrome,0,0,0
54.10143806671958,177.64671930247846,15.764112072056772,0,Anantapur,Dell Laptop,Chrome,0,0,0
62.60427828366835,116.33682344300573,15.841162153813325,0,Anantapur,Dell Laptop,Chrome,0,0,0
73.45402448521023,198.72085485361916,19.299606159831146,0,Anantapur,Office Desktop,Chrome,0,0,0
63.51142138244128,167.51118570148626,17.002699237214575,0,Anantapur,Dell Laptop,Chrome,0,0,0
56.50798313484174,113.62179039976914,10.330104043442695,0,Hyderabad,Dell Laptop,Chrome,0,0,0
62.056244364197894,167.39820759566982,10.028685600283676,0,Anantapur,Office Desktop,Chrome,1,0,0
69.89324474339432,175.29506490754306,14.273049928571947,0,Anantapur,Dell Laptop,Chrome,0,0,0
60.25347606712506,124.4162041925409,15.430676900824452,0,Hyderabad,Dell Laptop,Chrome,0,0,0
58.33210536029709,83.81858824231102,11.213644283439782,0,Anantapur,Dell Laptop,Chrome,0,0,0
67.74728516497403,141.03039270063528,14.02375184863919,0,Hyderabad,Dell Laptop,Chrome,0,0,0
77.16120470371736,160.21944241020634,20.593948006919298,0,Anantapur,Dell Laptop,Chrome,0,0,0
61.573202630334706,165.9358204349611,10.757088836038283,0,Anantapur,Dell Laptop,Chrome,0,0,0
60.97438302185319,180.35052296759338,14.7838705341928,0,Anantapur,Dell Laptop,Chrome,0,0,0
72.12806205417891,130.8525527067772,14.42310122789511,0,Anantapur,Office Desktop,Chrome,0,0,0
68.94110267478129,176.21355447990769,19.657344339764293,0,Anantapur,Dell Laptop,Chrome,0,0,0
45.631735946554386,162.31655875277548,14.407059767064808,0,Anantapur,Office Desktop,Chrome,0,0,0
65.46992793784882,157.98750957085952,12.817945786973292,0,Anantapur,Dell Laptop,Chrome,0,0,0
79.71978380284318,188.69941795899098,9.817990479838812,0,Anantapur,Dell Laptop,Chrome,0,0,0
64.29686106023027,162.94894742210684,8.642984063968017,0,Anantapur,Dell Laptop,Chrome,1,0,0
153.09455546339024,495.4956994158891,0.43097059788221515,5,Unknown IP,Unknown Mobile,Tor Browser,5,1,1
52.55841605261657,175.95470136939235,13.37810318398221,0,Anantapur,Dell Laptop,Chrome,0,0,0
66.48198302254707,122.87146143296752,9.198424986018438,0,Anantapur,Dell Laptop,Chrome,1,0,0
31.825632800855654,188.87913607043262,9.987543581421903,0,Anantapur,Dell Laptop,Chrome,0,0,0
13.84360676112967,18.75053709578019,21.556353861471436,5,Russia,Unknown Mobile,Firefox,25,1,1
71.11173703396297,169.62474318691343,15.690434894755096,0,Anantapur,Dell Laptop,Chrome,0,0,0
45.00839754727082,184.39801867601375,13.119694467594314,0,Hyderabad,Dell Laptop,Chrome,0,0,0
60.79046306403929,162.89169652510594,11.116937167075198,0,Anantapur,Office Desktop,Chrome,2,0,0
46.9299446001774,129.6906103404871,12.837472067520928,0,Anantapur,Dell Laptop,Chrome,0,0,0
60.83810983421769,148.67737854539024,13.732858187760234,0,Anantapur,Office Desktop,Chrome,0,0,0
62.1632968665664,104.24913137960985,9.932035774880417,0,Anantapur,Office Desktop,Chrome,1,0,0
54.461164801977674,182.17389506144406,14.733001756459439,0,Anantapur,Office Desktop,Chrome,0,0,0
53.877372119097224,146.8747399430888,16.6057315295204,0,Anantapur,Office Desktop,Chrome,1,0,0
51.099359039901955,164.63248351769704,11.104230756367151,0,Anantapur,Office Desktop,Chrome,0,0,0
48.770408840933044,166.85976212391648,22.047047170502776,0,Anantapur,Dell Laptop,Chrome,1,0,0
48.162799040364945,208.2730038398202,11.670357508529296,0,Anantapur,Dell Laptop,Chrome,0,0,0
58.498082320547546,151.7042320471387,15.3670020292979,0,Anantapur,Dell Laptop,Chrome,0,0,0
6.304176086452472,13.229648490940601,22.28955664416779,2,Anantapur,Unknown Mobile,Tor Browser,20,1,1
56.568034711172075,108.8210360603808,20.119162901878553,0,Anantapur,Dell Laptop,Chrome,0,0,0
55.88504183347881,132.48917780862735,13.817549552476232,0,Anantapur,Dell Laptop,Chrome,0,0,0
60.54183016448576,171.39303314655143,15.652311154506238,0,Anantapur,Dell Laptop,Chrome,0,0,0
14.048666791985516,31.430127235769255,2.633628848480246,4,Russia,Unknown Mobile,Firefox,21,1,1
146.47631200217128,536.895829397065,1.075281231843474,3,Russia,Unknown Mobile,Chrome,43,1,1
46.08465905386326,178.77353404382237,21.53359453736398,0,Anantapur,Dell Laptop,Chrome,0,0,0
56.55279803370746,133.27385292525935,9.709937971971597,0,Anantapur,Dell Laptop,Chrome,0,0,0
147.9737400830258,33.86171104586005,21.124323884992524,3,Unknown IP,MacBook,Tor Browser,10,1,1
155.77408466865802,10.070375136253771,23.377171014283437,5,Tor Node,Unknown Mobile,Firefox,18,1,1
4.264737736616684,621.3150777941933,22.759226492104748,4,Unknown IP,MacBook,Chrome,20,1,1
60.70172939319467,162.03053514963867,10.876968328931238,0,Anantapur,Office Desktop,Chrome,2,0,0
60.623845637314865,146.46711263929177,14.183719183932919,0,Anantapur,Dell Laptop,Chrome,0,0,0
80.63550197563266,162.95856879871747,11.046673840755318,0,Anantapur,Dell Laptop,Chrome,0,0,0
63.762014110959264,161.7730558820318,2.752935752483623,0,Anantapur,Dell Laptop,Chrome,0,0,0
62.70228632536674,169.09497033719276,11.957371383303231,0,Anantapur,Dell Laptop,Chrome,0,0,0
10.249802021936034,470.90542226906695,22.203820450503887,2,Russia,Unknown Mobile,Tor Browser,45,1,1
60.201073501488885,112.85879762358968,2.434236433583809,0,Anantapur,Dell Laptop,Chrome,0,0,0
66.81296279062329,144.0306885170013,14.362463001732882,0,Anantapur,Dell Laptop,Chrome,0,0,0
63.58698852362761,106.41548837404599,6.499319607128732,0,Anantapur,Office Desktop,Chrome,1,0,0
44.25232547921638,116.90370192221596,10.297489110722351,0,Anantapur,Office Desktop,Chrome,0,0,0
60.53343605112022,155.1490319400806,9.20963118370681,0,Anantapur,Dell Laptop,Chrome,0,0,0
47.284554116363076,59.0650832095355,13.605255268007541,0,Anantapur,Dell Laptop,Chrome,0,0,0
46.35352930920044,125.00496419941149,10.756036447309297,0,Anantapur,Dell Laptop,Chrome,0,0,0
44.8060377310458,187.74415061787474,11.31251458019616,0,Anantapur,Dell Laptop,Chrome,0,0,0
75.36180133256246,205.85435257408434,16.457847480111838,0,Anantapur,Dell Laptop,Chrome,0,0,0
60.72252327381711,148.33989681441182,14.670878488709567,0,Anantapur,Office Desktop,Chrome,0,0,0
35.87165841539331,184.00267519138922,13.731091634163466,0,Anantapur,Office Desktop,Chrome,0,0,0
50.36698375577297,123.40488565103544,8.326512643979123,0,Anantapur,Office Desktop,Chrome,0,0,0
55.61367670132299,147.7039468123604,7.602856582129348,0,Anantapur,Office Desktop,Chrome,0,0,0
59.22944170182101,121.49227919440591,8.297929865989609,1,Anantapur,Dell Laptop,Chrome,0,0,0
48.20597007531613,99.0951674285253,10.796196145246514,0,Hyderabad,Dell Laptop,Chrome,0,0,0
199.26726252375346,18.644077712820113,4.8908358661230515,5,Russia,Unknown Mobile,Tor Browser,30,1,1
57.715497172096846,102.55052447234343,11.294596285790188,0,Anantapur,Dell Laptop,Chrome,0,0,0
49.88896090284976,173.28861981320213,12.727506567761106,0,Anantapur,Dell Laptop,Chrome,0,0,0
54.59462562150225,134.56634580785834,16.471321212257994,0,Anantapur,Dell Laptop,Chrome,0,0,0
77.48529551043153,151.5998114978882,10.587558846099045,0,Anantapur,Dell Laptop,Chrome,0,0,0
55.70561263633541,107.29698717446999,23.36220317295897,0,Hyderabad,Dell Laptop,Chrome,0,0,0
80.52351872828483,149.4896249662197,10.606846084639313,0,Anantapur,Dell Laptop,Chrome,0,0,0
51.48742915191525,166.62534979076972,16.11808293869714,0,Anantapur,Dell Laptop,Chrome,0,0,0
46.974089472209144,167.48611482643696,15.097744091460719,0,Anantapur,Dell Laptop,Chrome,2,0,0
66.92884164461333,158.86298215888826,11.27959265818313,0,Anantapur,Dell Laptop,Chrome,0,0,0
74.83618233190994,139.5010550777285,14.024704489270173,0,Anantapur,Dell Laptop,Chrome,0,0,0
50.75233100672131,118.98103648150801,13.858402046470312,0,Anantapur,Office Desktop,Chrome,0,0,0
59.17421554600157,158.63875163492236,13.392409896078483,0,Anantapur,Dell Laptop,Chrome,1,0,0
59.34784162480162,117.84839182938167,12.467277406709542,0,Anantapur,Office Desktop,Chrome,2,0,0
82.73225298820067,204.41965130068553,11.362867709442694,0,Hyderabad,Dell Laptop,Chrome,0,0,0
58.91483563266605,123.54240235919822,9.217458147226024,0,Anantapur,Office Desktop,Chrome,0,0,0
56.27642420803416,185.131106358225,9.637516961081797,0,Anantapur,Dell Laptop,Chrome,2,0,0
83.05290395805869,190.84242672753223,19.283286345955197,0,Anantapur,Dell Laptop,Chrome,0,0,0
34.22131750711581,114.46091958871924,7.17102595663212,0,Anantapur,Dell Laptop,Chrome,0,0,0
109.7699548020505,722.1726720118006,23.761353927703073,5,Unknown IP,MacBook,Chrome,5,1,1
150.90136785223726,597.1876186461941,22.29299590024518,4,Unknown IP,Unknown Mobile,Firefox,12,1,1
54.18952094614409,154.0613379203274,10.70262465301131,0,Anantapur,Dell Laptop,Chrome,1,0,0
51.63003038237848,119.14774314827947,16.517114558853834,0,Anantapur,Dell Laptop,Chrome,0,0,0
62.44068770094246,118.59909271160654,2.436302214969995,0,Anantapur,Dell Laptop,Chrome,0,0,0
61.73243454919066,116.33033246318618,10.282488600205419,0,Anantapur,Office Desktop,Chrome,0,0,0
64.819996890376,136.608282555552,8.718616906893947,0,Hyderabad,Dell Laptop,Chrome,0,0,0
56.38866064644186,170.62701510722286,8.387999370373253,0,Anantapur,Office Desktop,Chrome,0,0,0
42.70409321528843,123.00192426687148,11.623391024852548,0,Anantapur,Dell Laptop,Chrome,0,0,0
159.20882468945402,27.874933492847845,22.425346214383627,3,Anantapur,MacBook,Tor Browser,39,1,1
57.0549840996093,136.25437447314232,20.428777871043522,0,Anantapur,Dell Laptop,Chrome,0,0,0
72.49750322097682,121.2222864036464,9.974593156542479,0,Anantapur,Dell Laptop,Chrome,0,0,0
48.79169672018601,97.81452976015368,7.154743244050264,0,Anantapur,Office Desktop,Chrome,0,0,0
82.02758053286637,170.28347594375595,10.497468652003162,0,Anantapur,Dell Laptop,Chrome,0,0,0
49.61376103804652,143.6546885974566,9.44788035169412,0,Anantapur,Dell Laptop,Chrome,0,0,0
70.25276085794263,122.6619460637601,10.429235152476625,0,Anantapur,Dell Laptop,Chrome,1,0,0
59.890574269585095,146.22099532875748,13.742187405312166,0,Anantapur,Office Desktop,Chrome,0,0,0
71.41284610971036,121.98723614924613,17.55383751562119,0,Anantapur,Dell Laptop,Chrome,0,0,0
42.953134232608804,136.57961750321235,17.69987052161325,0,Hyderabad,Dell Laptop,Chrome,0,0,0
63.95043330410358,112.32213188896631,11.566078519405922,0,Anantapur,Dell Laptop,Chrome,0,0,0
61.57973597178516,136.40736188137183,12.285604379665733,0,Anantapur,Dell Laptop,Chrome,0,0,0
56.912662410966696,152.3243478180474,11.232221900752482,0,Hyderabad,Office Desktop,Chrome,2,0,0
53.75190607360607,172.57095390110095,9.751778732206557,0,Anantapur,Office Desktop,Chrome,0,0,0
47.242644228119,165.23809797418068,10.332719939110449,0,Anantapur,Dell Laptop,Chrome,0,0,0
54.226944474281645,141.6630057327521,15.490214971230472,1,Anantapur,Dell Laptop,Chrome,1,0,0
54.58782682519325,191.92060411022516,10.991820510003354,0,Hyderabad,Office Desktop,Chrome,0,0,0
37.03764722050258,146.074153157494,14.815048553571149,0,Hyderabad,Dell Laptop,Chrome,0,0,0
57.869930708121345,114.74251190367443,11.503118718349299,0,Anantapur,Dell Laptop,Chrome,0,0,0
73.73674921622415,121.59395272703608,16.85085285323455,0,Anantapur,Office Desktop,Chrome,0,0,0
77.43901375846256,144.31979469522778,14.4230922979885,0,Anantapur,Dell Laptop,Chrome,1,0,0
66.29517386875523,190.85910665304908,11.658995874558729,0,Anantapur,Dell Laptop,Chrome,0,0,0
67.46688729856467,137.2100168653834,8.235779414257497,0,Hyderabad,Dell Laptop,Chrome,0,0,0
7.0735803115535,17.52843041461415,22.79021139458978,4,Unknown IP,Unknown Mobile,Firefox,20,1,1
53.303954969294686,130.4234467029425,15.370401907847233,0,Hyderabad,Office Desktop,Chrome,1,0,0
62.83773692378927,162.3646702533593,14.387397255686206,0,Hyderabad,Office Desktop,Chrome,0,0,0
74.28150370822075,163.91097811932303,12.67242626904749,0,Anantapur,Dell Laptop,Chrome,0,0,0
54.571000113844114,120.8285534437107,13.407750483730524,0,Anantapur,Dell Laptop,Chrome,0,0,0
56.1379471010037,187.57023859706834,16.706269295434826,0,Anantapur,Office Desktop,Chrome,1,0,0
63.18378883063584,142.8833876113024,9.405937825911497,0,Anantapur,Dell Laptop,Chrome,1,0,0
65.33776991439677,191.33553449996552,8.209880366292516,0,Anantapur,Dell Laptop,Chrome,0,0,0
47.36327502925036,143.82344964486236,1.4647512584231919,0,Anantapur,Dell Laptop,Chrome,0,0,0
48.025101914546454,151.02665850212114,15.474426772214244,0,Anantapur,Dell Laptop,Chrome,0,0,0
56.295813195136994,200.18303012977788,4.861122946170331,0,Hyderabad,Dell Laptop,Chrome,0,0,0
59.06787025842874,131.46679374186536,14.339424014915217,0,Anantapur,Dell Laptop,Chrome,2,0,0
59.9994624162336,131.55794920459348,12.835870184438374,0,Anantapur,Dell Laptop,Chrome,0,0,0
70.54375132818788,246.15103191985455,8.497660912369852,0,Hyderabad,Dell Laptop,Chrome,0,0,0
68.14332694362439,191.1154582446377,11.809887325606496,0,Anantapur,Office Desktop,Chrome,2,0,0
42.99943193765773,197.56454471122711,11.423269745420056,0,Anantapur,Office Desktop,Chrome,0,0,0
74.2458367420667,122.21000349212159,11.399251005816366,0,Anantapur,Office Desktop,Chrome,1,0,0
65.36118320291628,199.31891354016494,11.039927942047647,0,Anantapur,Office Desktop,Chrome,0,0,0
66.36597507389513,101.17220118889995,11.598366918146462,0,Anantapur,Office Desktop,Chrome,0,0,0
50.22408104433494,184.25341521099273,18.127197117945702,0,Anantapur,Dell Laptop,Chrome,0,0,0
65.32662302723298,192.66643371312043,9.764256131471274,0,Hyderabad,Dell Laptop,Chrome,0,0,0
65.19941458119806,168.84502375118143,10.078513298116917,0,Anantapur,Office Desktop,Chrome,0,0,0
54.94379838012386,123.34608321299444,5.148629279877285,0,Anantapur,Office Desktop,Chrome,0,0,0
69.16058948801502,146.14505163917306,9.99825763149714,0,Anantapur,Dell Laptop,Chrome,1,0,0
54.76704042073116,129.73902286706726,11.207606795485638,0,Anantapur,Office Desktop,Chrome,1,0,0
13.462477501537245,655.9707677245802,23.367163118747925,3,Russia,MacBook,Tor Browser,32,1,1
165.85362804512073,18.494222564083866,23.24788445587042,4,Tor Node,Unknown Mobile,Firefox,25,1,1
52.92155670376347,95.21592405162197,13.922610721260703,0,Hyderabad,Dell Laptop,Chrome,0,0,0
6.863065711171482,356.73697101149094,1.151178194902854,2,Russia,Unknown Mobile,Chrome,5,1,1
69.28529709059266,130.5062765249575,12.382505695615945,0,Anantapur,Dell Laptop,Chrome,0,0,0
56.44744030273165,149.20194414518826,10.067707775763772,0,Hyderabad,Dell Laptop,Chrome,0,0,0
70.63959696423652,204.26993970968667,8.0184173908176,0,Anantapur,Dell Laptop,Chrome,1,0,0
57.31007165532845,151.8344897819073,8.7514012705878,0,Anantapur,Office Desktop,Chrome,0,0,0
55.44285728848836,172.8648769562212,12.573056440935732,0,Anantapur,Dell Laptop,Chrome,0,0,0
11.6125966633116,8.083979666863833,21.29255068337556,4,Unknown IP,Dell Laptop,Tor Browser,7,1,1
148.5695690946227,15.427848344059077,22.177236440925988,2,Unknown IP,Unknown Mobile,Firefox,37,1,1
59.00349086843193,217.3908606118069,8.937718174200807,0,Anantapur,Office Desktop,Chrome,0,0,0
72.04173364674234,159.34033897830668,16.838093748965147,0,Hyderabad,Dell Laptop,Chrome,0,0,0
158.8473510948919,541.4468631779151,4.6168422385194345,3,Unknown IP,MacBook,Tor Browser,17,1,1
62.569511015249056,103.55032952072557,13.471455222432562,0,Anantapur,Dell Laptop,Chrome,0,0,0
64.49174913424127,206.60715806378906,9.67137164840466,0,Anantapur,Office Desktop,Chrome,0,0,0
52.28376436311718,150.91628701510038,7.7362370502469044,0,Anantapur,Dell Laptop,Chrome,0,0,0
72.64604278566543,83.37974168769921,13.472490637817291,0,Anantapur,Office Desktop,Chrome,0,0,0
179.52040778896819,389.1391713018623,2.5015357945737486,3,Tor Node,Unknown Mobile,Tor Browser,5,1,1
115.58245178858516,3.3078529398199663,3.6490975388542735,4,Unknown IP,MacBook,Tor Browser,37,1,1
175.04120120023165,42.42306520277353,23.549395020343745,3,Unknown IP,Unknown Mobile,Chrome,25,1,1
70.95712372353378,187.79333580268025,16.13831197957281,0,Anantapur,Office Desktop,Chrome,0,0,0
46.3195663950687,175.59997391123844,13.483399345694947,0,Hyderabad,Dell Laptop,Chrome,0,0,0
59.758841948917386,140.42079281772266,10.737715955459594,0,Anantapur,Office Desktop,Chrome,0,0,0
143.2970483655704,624.4152165993731,2.550489202765019,5,Unknown IP,Dell Laptop,Firefox,46,1,1
58.08007470719749,167.36820520754142,19.718262365482783,0,Anantapur,Dell Laptop,Chrome,1,0,0
67.63625817571373,157.77147538621782,7.790959657655223,0,Anantapur,Office Desktop,Chrome,1,0,0
56.327799374549016,126.9069296384344,20.03694530957045,0,Anantapur,Dell Laptop,Chrome,0,0,0
54.93447947236898,212.27386443106914,9.154013100036709,0,Anantapur,Office Desktop,Chrome,1,0,0
10.850269171067465,503.3848368119863,0.019762731126583333,5,Tor Node,Unknown Mobile,Firefox,49,1,1
61.29004545481858,138.54675809261326,12.598327889066995,0,Hyderabad,Dell Laptop,Chrome,0,0,0
76.10506478278977,181.55595044093653,11.45789446845395,0,Hyderabad,Office Desktop,Chrome,0,0,0
144.63413377621026,6.451647943387119,2.5942451605050247,5,Unknown IP,Unknown Mobile,Chrome,48,1,1
61.76258482633018,134.67486339774712,9.880318609038634,0,Anantapur,Dell Laptop,Chrome,0,0,0
78.60366401275633,135.0922212235088,7.554373486003262,0,Hyderabad,Office Desktop,Chrome,0,0,0
64.17069932233612,118.11541763058656,14.282416983384135,0,Anantapur,Office Desktop,Chrome,0,0,0
62.48260202564453,186.729474753999,12.577720071996621,0,Anantapur,Dell Laptop,Chrome,0,0,0
57.350200844163254,113.3509373705333,14.608739413577698,0,Anantapur,Office Desktop,Chrome,1,0,0
66.96713585537086,213.09356720987245,13.380576201856375,0,Anantapur,Dell Laptop,Chrome,0,0,0
60.4229022008643,110.0871989075082,8.789059126117028,0,Hyderabad,Dell Laptop,Chrome,1,0,0
74.6536227038068,53.67903918562902,12.650571294376942,0,Anantapur,Dell Laptop,Chrome,0,0,0
71.58178948459198,196.10281107486756,12.645469265647847,0,Hyderabad,Dell Laptop,Chrome,0,0,0
69.32627372648814,217.12492261901332,8.142897492066465,0,Anantapur,Dell Laptop,Chrome,1,0,0
34.43781430037507,87.6343573877036,16.326606188415873,0,Anantapur,Office Desktop,Chrome,2,0,0
155.87774150966794,7.931948176308545,22.622392268671835,4,Unknown IP,Unknown Mobile,Firefox,12,1,1
53.20932234865488,124.69697583605333,10.661276147793634,0,Anantapur,Dell Laptop,Chrome,0,0,0
56.75965326432177,193.12865487411904,12.744430442294544,0,Anantapur,Dell Laptop,Chrome,0,0,0
54.29048295183894,132.7045166600276,15.059347093156763,0,Anantapur,Office Desktop,Chrome,0,0,0
42.452271598734484,146.8738628942121,15.71029440991146,0,Hyderabad,Office Desktop,Chrome,0,0,0
52.140875880320166,127.51280112646498,13.949834931668473,0,Anantapur,Dell Laptop,Chrome,0,0,0
67.0672051827409,133.64061100325233,12.51707143100508,0,Anantapur,Office Desktop,Chrome,1,0,0
54.015205243824,178.96975239582957,16.965770597184136,0,Anantapur,Dell Laptop,Chrome,1,0,0
63.41932658722285,143.0938429399518,12.44589335404999,1,Anantapur,Dell Laptop,Chrome,0,0,0
68.05994348989246,157.39856227300302,14.778338542463922,0,Anantapur,Dell Laptop,Chrome,0,0,0
53.48201410969195,191.80837490773848,6.721738883961566,0,Anantapur,Dell Laptop,Chrome,0,0,0
79.48326427515099,97.66207735885769,11.048531935370702,0,Anantapur,Office Desktop,Chrome,1,0,0
67.72470897210441,150.53930162696966,15.739178669893628,0,Anantapur,Dell Laptop,Chrome,0,0,0
58.294863418067415,147.8168658011702,16.284791120704188,0,Anantapur,Office Desktop,Chrome,1,0,0
203.4374056181022,546.9255725332308,3.4777800026940957,3,Unknown IP,Unknown Mobile,Tor Browser,15,1,1
68.99639611072776,166.94794290843393,1.3678188616751257,0,Anantapur,Dell Laptop,Chrome,0,0,0
53.67079148267561,110.3907054288865,15.18989561078521,0,Anantapur,Dell Laptop,Chrome,0,0,0
59.558680083795274,128.8653116609357,8.097133688537776,0,Anantapur,Dell Laptop,Chrome,0,0,0
49.04042178837014,135.1123213509112,13.191899453022254,0,Anantapur,Dell Laptop,Chrome,0,0,0
59.01186561304718,185.97619372675138,10.11927862840451,0,Anantapur,Dell Laptop,Chrome,2,0,0
69.77016823688257,109.65132767155978,11.148753896834261,0,Anantapur,Office Desktop,Chrome,0,0,0
67.30709746886457,69.3726974000947,11.698100801459873,0,Anantapur,Dell Laptop,Chrome,0,0,0
52.88334266969864,128.98990096990144,12.301227538815017,0,Anantapur,Dell Laptop,Chrome,0,0,0
58.47525636126756,169.82267056972148,9.892596574556658,0,Hyderabad,Office Desktop,Chrome,0,0,0
60.60670249391069,167.45880294927707,15.669227366554447,0,Hyderabad,Dell Laptop,Chrome,0,0,0
61.9527864774362,199.05585288478116,14.021617121158402,0,Hyderabad,Dell Laptop,Chrome,0,0,0
69.82032140538617,143.9608020307143,7.278929599497136,0,Anantapur,Office Desktop,Chrome,1,0,0
56.08066153495103,129.43018061707602,16.70216700364051,0,Anantapur,Dell Laptop,Chrome,0,0,0
45.09839214305026,143.30784795896602,17.19086482228026,0,Anantapur,Office Desktop,Chrome,0,0,0
142.40606974313076,436.646319192267,0.23016706034136192,5,Russia,MacBook,Firefox,44,1,1
43.52360466440199,161.80430174334396,14.481426270444427,0,Anantapur,Dell Laptop,Chrome,0,0,0
60.463633932553044,133.51334876801653,17.932207130384644,0,Anantapur,Office Desktop,Chrome,0,0,0
62.1775442862546,133.86655496757027,11.950792817368415,0,Anantapur,Office Desktop,Chrome,0,0,0
54.99758311702959,177.4599392209178,17.44758735934539,0,Anantapur,Dell Laptop,Chrome,0,0,0
60.06882415177014,148.18434933825898,15.84344913749836,0,Anantapur,Dell Laptop,Chrome,0,0,0
56.411627315845884,195.11184320914828,14.571940489977578,0,Anantapur,Dell Laptop,Chrome,0,0,0
59.93672017374573,182.63962682439728,4.172563204772134,0,Anantapur,Dell Laptop,Chrome,0,0,0
66.68861491609556,122.59874028481724,15.103815126676889,0,Anantapur,Dell Laptop,Chrome,0,0,0
70.7215910338481,183.57214592702255,13.500189145153767,0,Hyderabad,Dell Laptop,Chrome,0,0,0
51.08904037515738,200.3777952685948,10.997427388940112,0,Hyderabad,Dell Laptop,Chrome,0,0,0
63.380068290308564,123.14345503811144,9.440137965320107,0,Anantapur,Dell Laptop,Chrome,0,0,0
58.47679953760446,175.2248016403334,16.955264997784642,1,Anantapur,Office Desktop,Chrome,0,0,0
49.95187061048668,214.07583256599185,6.1140066876483745,0,Hyderabad,Office Desktop,Chrome,0,0,0
66.94744809753301,203.03318691302383,12.482369836711083,0,Anantapur,Office Desktop,Chrome,0,0,0
52.086902130126525,131.27948019565892,12.870030340214505,0,Anantapur,Dell Laptop,Chrome,0,0,0
43.910968885068414,175.58173802463963,8.640138765921552,1,Anantapur,Dell Laptop,Chrome,0,0,0
63.69324233447361,155.7327991520217,9.253692835702902,0,Hyderabad,Dell Laptop,Chrome,0,0,0
70.5630397584713,173.48276378642637,11.975770968364584,0,Anantapur,Dell Laptop,Chrome,0,0,0
55.40300906752046,91.47784453427529,8.917288054486857,0,Anantapur,Dell Laptop,Chrome,0,0,0
49.67452327688533,164.73409103265894,9.910841482569335,0,Hyderabad,Dell Laptop,Chrome,0,0,0
170.6190049271371,474.60329221614495,22.414055933722427,4,Unknown IP,MacBook,Tor Browser,23,1,1
69.9294445225414,125.94914166780457,13.694715746142647,0,Anantapur,Dell Laptop,Chrome,1,0,0
50.94472950945636,138.2532376646604,10.627641735434532,0,Anantapur,Dell Laptop,Chrome,0,0,0
74.2395696164299,128.32507570279367,9.674085728357277,0,Anantapur,Dell Laptop,Chrome,0,0,0
108.49940772205136,33.542088096017764,0.7076811141852204,4,Russia,MacBook,Tor Browser,29,1,1
70.75613676704404,179.27519502931253,9.194481134003045,0,Anantapur,Dell Laptop,Chrome,1,0,0
70.9890870465452,151.28377162823926,18.933681868819164,0,Anantapur,Office Desktop,Chrome,0,0,0
63.68067757906835,137.78414478188867,19.31458892744809,0,Anantapur,Office Desktop,Chrome,0,0,0
58.71546823653878,123.36859534683155,6.531118816834004,0,Anantapur,Dell Laptop,Chrome,0,0,0
66.73895810871551,139.86958249664463,13.339002246155129,0,Anantapur,Dell Laptop,Chrome,2,0,0
58.386832742537734,82.83094201708268,10.491576139633729,0,Anantapur,Dell Laptop,Chrome,0,0,0
51.948525613434164,120.53296155844225,12.352582021054284,0,Hyderabad,Office Desktop,Chrome,2,0,0
71.79864493538028,54.50286750765201,15.23622123834329,0,Anantapur,Dell Laptop,Chrome,0,0,0
69.81293352264521,156.2096776165689,16.570008103236148,1,Anantapur,Office Desktop,Chrome,0,0,0
62.86027749008194,160.86441643983906,13.226845181146627,0,Anantapur,Dell Laptop,Chrome,0,0,0
57.67077177687883,197.2491255641433,18.012027643013383,1,Anantapur,Office Desktop,Chrome,0,0,0
49.852083047178226,136.2369999184677,13.097502593624839,0,Hyderabad,Dell Laptop,Chrome,0,0,0
65.78186749118038,123.16116304496744,15.661084717495882,0,Anantapur,Dell Laptop,Chrome,0,0,0
65.29163382488707,102.71778871887048,1.5639801981843817,0,Anantapur,Office Desktop,Chrome,1,0,0
157.91576326478858,535.8680984356739,21.211896652894204,4,Unknown IP,Unknown Mobile,Firefox,24,1,1
0.0,543.6592150232782,1.9013349276644511,2,Russia,MacBook,Firefox,44,1,1
64.49310723463502,153.713095095513,19.1007122746932,0,Hyderabad,Dell Laptop,Chrome,2,0,0
60.33444297910348,153.50048620090303,10.857147027625004,0,Anantapur,Dell Laptop,Chrome,0,0,0
62.51617306977639,186.82810963759698,18.15325592728064,0,Anantapur,Dell Laptop,Chrome,2,0,0
61.57843711587,122.00120392179632,10.541672194688639,0,Anantapur,Dell Laptop,Chrome,0,0,0
33.266756962179045,185.54473198188956,9.53239010700963,0,Anantapur,Dell Laptop,Chrome,0,0,0
60.33494082572972,112.8470862205993,11.078537584962447,0,Anantapur,Dell Laptop,Chrome,0,0,0
56.54796043815122,205.0523499961887,8.991357125904184,1,Anantapur,Office Desktop,Chrome,1,0,0
50.386447699960385,104.9670773881644,9.469542506959083,0,Anantapur,Dell Laptop,Chrome,0,0,0
49.78895290773822,103.4657193312181,6.49919576719199,0,Anantapur,Office Desktop,Chrome,0,0,0
69.5097779004369,118.68348169969754,11.823579795436778,0,Anantapur,Dell Laptop,Chrome,0,0,0
129.60100768712314,577.8158976446852,22.401925702924437,5,Russia,MacBook,Tor Browser,21,1,1
40.489566239391934,155.78292599505403,16.687365818403705,0,Anantapur,Dell Laptop,Chrome,0,0,0
78.19683225363244,137.10480333956764,11.312433662889,0,Anantapur,Office Desktop,Chrome,0,0,0
49.39813638361423,129.69072091112864,8.645505460020111,1,Anantapur,Office Desktop,Chrome,1,0,0
69.37762121600011,125.00441388217726,2.9217267677152385,0,Anantapur,Dell Laptop,Chrome,0,0,0
11.83177379333717,481.08393700549055,21.64172377148362,4,Unknown IP,Dell Laptop,Firefox,22,1,1
63.08339236367538,139.26946059476504,14.362941660684493,0,Anantapur,Dell Laptop,Chrome,0,0,0
53.5247956831289,186.23467447846377,8.098236543262782,0,Anantapur,Office Desktop,Chrome,0,0,0
79.53320198362425,183.26098155253317,10.583837814975507,0,Anantapur,Office Desktop,Chrome,0,0,0
67.52860940883808,176.70034713778784,10.529564824282156,0,Anantapur,Dell Laptop,Chrome,0,0,0
66.6818338118276,215.90791991263666,12.913258367479221,0,Hyderabad,Dell Laptop,Chrome,0,0,0
71.03228787392683,112.11913471271768,8.225971267492323,0,Anantapur,Dell Laptop,Chrome,0,0,0
62.96281667480556,112.72124732197925,11.636009038644952,0,Anantapur,Dell Laptop,Chrome,2,0,0
42.5987616773582,175.56088719274408,2.2165214808141567,0,Anantapur,Dell Laptop,Chrome,0,0,0
68.3428413956532,138.6750245247418,12.929389879817043,0,Anantapur,Dell Laptop,Chrome,1,0,0
64.09923444049352,175.9513539026865,19.94977985940887,0,Anantapur,Dell Laptop,Chrome,2,0,0
54.98016081489223,178.73010388232018,6.00397999786753,0,Anantapur,Office Desktop,Chrome,2,0,0
59.86978392651623,168.30797134228538,14.462585191973442,0,Anantapur,Dell Laptop,Chrome,0,0,0
84.23401943459838,101.94982918577446,9.980823970858472,0,Anantapur,Dell Laptop,Chrome,0,0,0
46.24326160317402,172.54043115748885,10.017550178145754,0,Anantapur,Dell Laptop,Chrome,0,0,0
70.4431066912585,161.7337007858407,13.409938882387024,0,Anantapur,Dell Laptop,Chrome,0,0,0
66.96960078248932,153.6891471884772,15.014633412264406,0,Anantapur,Dell Laptop,Chrome,0,0,0
49.11028788407787,131.9780405352474,10.253853922560364,0,Anantapur,Dell Laptop,Chrome,1,0,0
67.9481624644571,184.4197545773768,11.967087138110038,0,Anantapur,Dell Laptop,Chrome,0,0,0
54.75492894970732,136.8272683628083,9.797946609355304,0,Anantapur,Dell Laptop,Chrome,0,0,0
64.83902994654026,100.12678838164803,9.451356695992637,1,Anantapur,Dell Laptop,Chrome,0,0,0
57.66944015318754,128.19195183327844,13.285600519566769,0,Hyderabad,Dell Laptop,Chrome,0,0,0
55.07513975671879,149.8117571039773,11.41853277779948,0,Anantapur,Dell Laptop,Chrome,0,0,0
51.00566728148762,134.22064749699072,10.3810542971162,0,Anantapur,Office Desktop,Chrome,0,0,0
46.952064453233476,163.29381215646526,10.15763151092466,0,Anantapur,Office Desktop,Chrome,0,0,0
53.4546611768414,191.46476143704928,8.000384481757166,1,Hyderabad,Office Desktop,Chrome,0,0,0
46.280131022682895,194.28658781315653,11.776153734885291,0,Hyderabad,Dell Laptop,Chrome,0,0,0
60.825699762008846,126.83225538584706,15.068865925969156,0,Anantapur,Dell Laptop,Chrome,0,0,0
68.25879172481352,128.2032075064471,16.47181244062009,0,Anantapur,Dell Laptop,Chrome,1,0,0
64.19759754459629,179.61274538070577,12.076388941054198,0,Hyderabad,Dell Laptop,Chrome,0,0,0
60.36897002403062,168.23972122775885,11.816431159503576,0,Anantapur,Office Desktop,Chrome,0,0,0
68.05003477241887,140.13568235995908,9.435418541823973,0,Anantapur,Office Desktop,Chrome,0,0,0
76.53238765474687,123.24208470480441,13.348913859341234,0,Anantapur,Office Desktop,Chrome,1,0,0
57.122700434332984,173.2521786258976,11.645765945818349,0,Anantapur,Dell Laptop,Chrome,0,0,0
71.91668220349973,155.66209645378407,11.47285567943227,0,Anantapur,Office Desktop,Chrome,0,0,0
47.696642576993575,159.62082793079057,13.845544275106974,0,Anantapur,Dell Laptop,Chrome,2,0,0
57.32686903314087,195.67176367110926,15.715730819687561,1,Hyderabad,Office Desktop,Chrome,0,0,0
68.91078853863718,118.14021809043584,12.139954497401432,1,Anantapur,Dell Laptop,Chrome,1,0,0
56.59111101181038,148.01842670666824,16.31903778431085,0,Anantapur,Dell Laptop,Chrome,0,0,0
44.70721719171448,179.40400762393733,10.090406419401516,0,Anantapur,Office Desktop,Chrome,0,0,0
179.33587259545843,20.458379727124647,3.172452326220548,2,Tor Node,MacBook,Tor Browser,27,1,1
34.25042115712644,130.844750315018,17.177918866078432,1,Hyderabad,Office Desktop,Chrome,0,0,0
59.99085679315826,197.47361377323176,7.84927687734137,0,Anantapur,Dell Laptop,Chrome,0,0,0
62.20048476892292,176.48607440347604,10.749925640480626,0,Anantapur,Dell Laptop,Chrome,0,0,0
68.38872457524018,136.90196365557728,9.706892497747058,0,Anantapur,Dell Laptop,Chrome,0,0,0
44.14653151694307,148.00418282960743,17.35059499110244,0,Anantapur,Office Desktop,Chrome,0,0,0
65.00153585224578,180.2203777327563,14.89765684284014,0,Anantapur,Office Desktop,Chrome,0,0,0
52.63315249569571,162.65299303939204,9.766725100214074,0,Anantapur,Office Desktop,Chrome,0,0,0
49.27676018006483,191.67688604143382,23.850262177880104,0,Anantapur,Dell Laptop,Chrome,0,0,0
58.101119664772796,126.48727777516545,5.284887350573943,0,Hyderabad,Dell Laptop,Chrome,1,0,0
61.039548163249606,158.6863889245483,5.320278759774767,0,Hyderabad,Dell Laptop,Chrome,0,0,0
61.212507394889066,131.5834671412232,9.1577365103433,0,Anantapur,Office Desktop,Chrome,1,0,0
63.22959286886491,189.86299015521524,13.4498558883623,0,Hyderabad,Dell Laptop,Chrome,0,0,0
152.17163753514245,429.47841224811077,23.03181416932192,5,Russia,Unknown Mobile,Firefox,31,1,1
74.56476755132141,135.8417776188338,7.759082841050879,0,Anantapur,Dell Laptop,Chrome,0,0,0
65.91046401860939,130.87827490530023,7.17623630199923,0,Anantapur,Office Desktop,Chrome,0,0,0
148.1798942449615,197.78158089738326,22.274497316775264,5,Tor Node,MacBook,Chrome,33,1,1
73.30013953371027,168.04035255853933,9.378604573459288,1,Anantapur,Dell Laptop,Chrome,0,0,0
69.1892173740637,144.77382785010198,14.173844649107522,0,Hyderabad,Office Desktop,Chrome,0,0,0
68.56163743664817,138.50519738318593,13.447091624129861,0,Anantapur,Dell Laptop,Chrome,0,0,0
57.22015669425351,72.30007601554584,6.050415774476596,0,Anantapur,Dell Laptop,Chrome,1,0,0
84.76837914150641,108.50948744519019,21.411949814953264,0,Anantapur,Dell Laptop,Chrome,0,0,0
16.110704363369617,16.705421537747995,22.411485540171817,3,Russia,MacBook,Chrome,37,1,1
45.53701648329595,174.53013935588,4.082874892214806,0,Anantapur,Dell Laptop,Chrome,0,0,0
63.973520889127855,117.18670474470976,17.84214850699629,0,Anantapur,Office Desktop,Chrome,2,0,0
58.472071616164804,122.1102815688812,13.134708286170785,0,Anantapur,Dell Laptop,Chrome,0,0,0
65.87472415828555,191.9767355972433,15.866505639635061,0,Anantapur,Dell Laptop,Chrome,0,0,0
59.23705188276957,100.61809239499647,8.071090741507156,0,Anantapur,Dell Laptop,Chrome,1,0,0
66.9346817757771,163.29710148296454,10.112545160758353,0,Anantapur,Dell Laptop,Chrome,1,0,0
60.23134601670501,129.96498511903275,12.096343874264953,0,Hyderabad,Dell Laptop,Chrome,0,0,0
63.40877042999965,183.30452742734803,9.833007104065285,0,Hyderabad,Dell Laptop,Chrome,0,0,0
59.1080862054974,187.4915572074234,16.183874141488353,0,Anantapur,Dell Laptop,Chrome,0,0,0
53.40121716008618,193.52267615601167,15.368052216309446,1,Anantapur,Dell Laptop,Chrome,2,0,0
174.6428859214541,17.222558359990508,23.04237980588544,5,Tor Node,Unknown Mobile,Firefox,25,1,1
55.23004133958272,130.28528724198125,13.513563230242859,0,Anantapur,Office Desktop,Chrome,0,0,0
57.805008469345985,184.77413278522835,22.70649622224881,0,Anantapur,Office Desktop,Chrome,0,0,0
55.61151353400423,166.0724834350754,10.758368369197642,0,Anantapur,Office Desktop,Chrome,0,0,0
71.82163127778848,168.96303757265864,8.019989638350198,0,Hyderabad,Dell Laptop,Chrome,0,0,0
72.96234947334753,144.39226185495133,9.483015047681835,0,Anantapur,Dell Laptop,Chrome,0,0,0
54.994977765062444,194.30872488389576,13.81079975991275,0,Anantapur,Dell Laptop,Chrome,0,0,0
63.805161075772375,110.92101014597915,16.09611597043747,0,Anantapur,Office Desktop,Chrome,0,0,0
50.4265874806994,173.14714018012802,19.75430766480833,0,Hyderabad,Office Desktop,Chrome,0,0,0
69.19650963853661,131.68534505256252,20.406765910413803,0,Anantapur,Office Desktop,Chrome,0,0,0
61.62387964947305,117.58092667487949,13.075250336209784,0,Anantapur,Dell Laptop,Chrome,0,0,0
70.35961942543189,126.42062696142072,14.632136750003362,0,Anantapur,Dell Laptop,Chrome,0,0,0
55.49408492307588,184.46323713276462,8.991751411503586,0,Anantapur,Dell Laptop,Chrome,0,0,0
77.57607210241736,140.5597505941497,5.793445942325191,0,Anantapur,Office Desktop,Chrome,0,0,0
51.96212425161569,185.75608302959785,14.806077379608134,0,Hyderabad,Office Desktop,Chrome,0,0,0
38.451723938391865,147.8268201004909,3.8326037334412977,0,Anantapur,Dell Laptop,Chrome,0,0,0
68.40941840979238,140.61572554862042,8.249180202874522,0,Anantapur,Dell Laptop,Chrome,0,0,0
68.73107629326701,126.62056161196158,1.8787254278985213,0,Anantapur,Dell Laptop,Chrome,0,0,0
65.94542635676872,174.9739764090869,11.267956572764332,0,Hyderabad,Dell Laptop,Chrome,0,0,0
58.46682942506637,114.756895606071,7.334969412185135,0,Anantapur,Dell Laptop,Chrome,0,0,0
61.745912470212865,211.52013619082004,9.57526354183208,0,Anantapur,Office Desktop,Chrome,0,0,0
57.9087453346988,161.13315260694753,9.196548187017118,1,Anantapur,Office Desktop,Chrome,1,0,0
70.85616828877659,150.05735336429413,16.694091878499567,0,Hyderabad,Dell Laptop,Chrome,0,0,0
142.13040940380293,433.61179304852493,21.86968987920032,4,Tor Node,Unknown Mobile,Tor Browser,27,1,1
65.60109975195607,142.3344792466729,7.589691339390328,0,Anantapur,Dell Laptop,Chrome,0,0,0
59.73974906263858,191.0951133676151,18.053338710304345,0,Hyderabad,Dell Laptop,Chrome,0,0,0
62.92886335104154,169.42998379234086,9.3720581335828,0,Anantapur,Dell Laptop,Chrome,0,0,0
46.731064325784224,152.93026696349298,7.485576514516072,0,Hyderabad,Dell Laptop,Chrome,0,0,0
67.9110145454618,196.11445635854162,9.501650788622278,0,Anantapur,Dell Laptop,Chrome,1,0,0
59.54954034361009,144.9663864694639,10.8037577347553,0,Anantapur,Dell Laptop,Chrome,2,0,0
70.15493100424283,146.1174414235409,11.830966370076252,0,Anantapur,Dell Laptop,Chrome,0,0,0
59.02857034046102,158.393527366528,12.531296856393697,0,Anantapur,Dell Laptop,Chrome,0,0,0
49.23445018666414,176.0897365059376,14.08051817422435,0,Anantapur,Dell Laptop,Chrome,0,0,0
64.37180572871462,156.92477311607493,9.553488795799167,0,Anantapur,Office Desktop,Chrome,0,0,0
66.04569556195638,208.69211809888412,7.748359785545304,0,Anantapur,Dell Laptop,Chrome,0,0,0
69.18069597357355,156.69420225613888,9.491376431979408,0,Anantapur,Dell Laptop,Chrome,0,0,0
60.090590576734485,147.12066590668994,9.245337739874072,0,Anantapur,Dell Laptop,Chrome,1,0,0
65.90959005777103,171.4423935056304,11.708240765343216,0,Anantapur,Dell Laptop,Chrome,0,0,0
59.84824091982463,168.32553506851838,14.306194469524122,0,Anantapur,Dell Laptop,Chrome,0,0,0
67.19052778846154,140.14099472103842,13.675222413047637,0,Hyderabad,Dell Laptop,Chrome,0,0,0
62.70181184073909,161.74699997296634,12.616344940783518,0,Anantapur,Dell Laptop,Chrome,0,0,0
73.5320814937665,149.76021965824296,12.429284006089672,0,Anantapur,Dell Laptop,Chrome,0,0,0
54.51819401606861,160.88960548071412,5.778517745666373,0,Anantapur,Office Desktop,Chrome,0,0,0
70.80661756355036,137.15224708024917,7.97953115853493,0,Anantapur,Office Desktop,Chrome,0,0,0
54.61239670565395,142.2944532408974,9.126730575799119,0,Anantapur,Dell Laptop,Chrome,1,0,0
79.52847518809214,179.67029074791776,6.655203862877313,0,Anantapur,Dell Laptop,Chrome,0,0,0
83.64639740175846,139.53488841928555,11.951703071661758,0,Anantapur,Dell Laptop,Chrome,0,0,0
121.94642497120388,10.999434660113756,3.626161166298671,2,Russia,Unknown Mobile,Tor Browser,39,1,1
54.598622326578834,135.1491402771753,20.057750105730282,0,Anantapur,Office Desktop,Chrome,1,0,0
69.90473889588883,184.6430132286035,9.766285551483106,0,Anantapur,Office Desktop,Chrome,0,0,0
68.29149363847534,159.0155249794156,15.2072583602421,0,Anantapur,Office Desktop,Chrome,0,0,0
11.317041893095555,28.80061776366074,22.17992978826443,2,Unknown IP,MacBook,Tor Browser,6,1,1
61.543766873016864,171.26397106680975,11.008046580280634,0,Anantapur,Dell Laptop,Chrome,0,0,0
140.25142804877015,552.7539337668844,21.869559881234995,4,Unknown IP,Unknown Mobile,Firefox,20,1,1
47.767679171307876,133.11264169967833,13.531568417910691,0,Anantapur,Office Desktop,Chrome,1,0,0
136.64421811283287,21.094329412153584,3.3887099040660287,5,Russia,Dell Laptop,Chrome,7,1,1
8.349470012073306,273.122154801644,1.6038756825819676,3,Anantapur,MacBook,Firefox,37,1,1
161.64154619240318,10.052075458728003,3.0581368284923607,2,Unknown IP,MacBook,Firefox,36,1,1
66.56519870035837,171.5166984087504,15.1113066293205,0,Hyderabad,Office Desktop,Chrome,0,0,0
36.370805651176816,189.76415563661806,18.808351529243062,0,Hyderabad,Dell Laptop,Chrome,0,0,0
44.29376084442935,132.66428217274895,14.490166085634575,0,Anantapur,Dell Laptop,Chrome,0,0,0
50.804032764047875,133.7433454918214,11.086300919599903,0,Hyderabad,Dell Laptop,Chrome,0,0,0
53.073281814578394,201.88495219772255,13.549280983592913,0,Anantapur,Dell Laptop,Chrome,0,0,0
67.78256425148123,144.5798769019293,10.444504940580341,0,Anantapur,Dell Laptop,Chrome,0,0,0
150.80011202526632,522.1560789157293,23.111860513080792,5,Unknown IP,Unknown Mobile,Chrome,42,1,1
70.49674205722032,154.58299345330258,14.75281901911501,0,Anantapur,Office Desktop,Chrome,2,0,0
57.781192832931396,156.5704303307186,10.37659313842389,0,Anantapur,Dell Laptop,Chrome,0,0,0
52.79421056421171,165.48990690311,10.53152162112179,0,Anantapur,Office Desktop,Chrome,0,0,0
55.23653068694097,161.0657678020827,12.710268203512776,0,Anantapur,Office Desktop,Chrome,0,0,0
92.27043668223104,223.3035096141757,3.9078084487008464,0,Anantapur,Dell Laptop,Chrome,0,0,0
62.6161644657516,75.45242239588259,13.196795205257057,0,Anantapur,Office Desktop,Chrome,0,0,0
65.08103147445613,167.5119657570055,10.081053672782733,0,Anantapur,Dell Laptop,Chrome,1,0,0
76.74429532973619,128.90218352803583,4.831554970829562,0,Anantapur,Dell Laptop,Chrome,0,0,0
182.825848120947,587.6822555993768,4.391452229819144,5,Tor Node,Unknown Mobile,Firefox,9,1,1
172.16420358423318,10.72398992200572,21.469268727904133,2,Russia,Unknown Mobile,Chrome,13,1,1
50.272726213497684,162.03159925865458,9.001774188119038,0,Hyderabad,Office Desktop,Chrome,1,0,0
62.576048052555564,168.3084126100083,9.582340286657239,0,Anantapur,Office Desktop,Chrome,0,0,0
146.2646831209994,481.7210286228865,1.8916706128963232,5,Anantapur,MacBook,Tor Browser,18,1,1
58.28564131836606,139.47668333885363,15.156380315085478,0,Anantapur,Dell Laptop,Chrome,0,0,0
133.15350269245135,9.799497596766368,22.760410596699195,3,Tor Node,MacBook,Tor Browser,48,1,1
16.988830156603992,20.724344660010637,2.758428101236899,2,Unknown IP,MacBook,Tor Browser,20,1,1
44.63996822610804,185.55300332142536,12.252621318032904,0,Anantapur,Office Desktop,Chrome,0,0,0
62.98502192976385,137.85896899685847,4.655134324441633,0,Anantapur,Dell Laptop,Chrome,0,0,0
73.5729252207372,103.84733108316647,13.312297517861866,0,Anantapur,Dell Laptop,Chrome,0,0,0
57.29020500022986,158.88004013424046,12.385547832737956,0,Anantapur,Office Desktop,Chrome,0,0,0
51.77201595245281,107.70724297279466,11.08300007370994,0,Anantapur,Dell Laptop,Chrome,1,0,0
65.38777347754191,111.70527467713417,2.3972708128167763,1,Anantapur,Office Desktop,Chrome,0,0,0
71.9338132205184,119.33384061184346,16.301105423198,0,Anantapur,Dell Laptop,Chrome,0,0,0
6.764094302657945,512.7492794877902,2.7034141181338947,2,Russia,MacBook,Tor Browser,41,1,1
65.29254539424475,164.80108526245476,12.853027033124176,0,Anantapur,Dell Laptop,Chrome,0,0,0
38.78224779125952,73.29894327133631,10.268608612245579,0,Anantapur,Office Desktop,Chrome,0,0,0
70.77565956661304,158.9490888687096,6.331957449121904,0,Hyderabad,Dell Laptop,Chrome,0,0,0
62.70643447955395,167.56502843611727,16.321073841135156,0,Hyderabad,Dell Laptop,Chrome,0,0,0
70.21040619494076,138.69354551247875,17.380747454628015,0,Anantapur,Office Desktop,Chrome,0,0,0
47.53105261885531,101.97307800383682,0.5381747297530648,0,Anantapur,Dell Laptop,Chrome,0,0,0
81.80472189434963,193.54985971468832,14.393841735368671,0,Anantapur,Dell Laptop,Chrome,0,0,0
46.37877286600698,112.43941948787082,12.28393745066534,0,Anantapur,Dell Laptop,Chrome,1,0,0
12.113783795324796,430.98718289768493,23.734902351065255,3,Unknown IP,Dell Laptop,Firefox,47,1,1
53.362506279859026,152.048378613864,10.839834207695013,0,Anantapur,Office Desktop,Chrome,0,0,0
58.61631645647441,163.18586525583635,9.229379835818271,0,Anantapur,Dell Laptop,Chrome,0,0,0
54.6235362220111,108.91706131097978,18.49275671843312,0,Anantapur,Office Desktop,Chrome,1,0,0
185.76626452916818,12.913654549865317,22.910263866810887,5,Unknown IP,Unknown Mobile,Firefox,7,1,1
41.4507245172874,153.88244136805275,20.58098721829132,0,Hyderabad,Office Desktop,Chrome,0,0,0
64.37244702415795,155.22199235780803,14.61975211135573,0,Anantapur,Dell Laptop,Chrome,0,0,0
178.16827425625138,19.0982137415065,22.65915315178683,4,Russia,MacBook,Chrome,17,1,1
89.31450983978121,179.57110575814954,13.312950072158717,0,Anantapur,Dell Laptop,Chrome,0,0,0
54.877132580790935,173.37728873965216,15.88598859204056,0,Anantapur,Dell Laptop,Chrome,0,0,0
61.961932655400766,138.37271196695445,18.289622242107306,0,Anantapur,Dell Laptop,Chrome,0,0,0
65.35907722436764,165.02086861353226,10.66501308036431,0,Hyderabad,Dell Laptop,Chrome,0,0,0
58.74531410938709,189.11972968466824,11.827719596702307,0,Anantapur,Office Desktop,Chrome,0,0,0
54.624491948511896,149.40428749902446,12.942189726751495,0,Hyderabad,Office Desktop,Chrome,0,0,0
53.69005327945543,157.23666516823764,12.627463222657733,0,Anantapur,Office Desktop,Chrome,1,0,0
38.78590962236413,121.37865448973277,7.954593454850102,0,Anantapur,Dell Laptop,Chrome,2,0,0
50.75000967156621,98.29943059814845,8.263899012130082,0,Hyderabad,Dell Laptop,Chrome,1,0,0
63.30506139332681,140.13596215087114,15.701556329866877,0,Anantapur,Dell Laptop,Chrome,0,0,0
52.61045368460833,180.64306528823792,8.768396300660978,0,Anantapur,Dell Laptop,Chrome,1,0,0
132.59710394165666,5.4420388272732225,1.6675017684516202,4,Russia,Unknown Mobile,Firefox,35,1,1
65.75332871691117,172.26015279991432,8.775909703160572,0,Anantapur,Office Desktop,Chrome,0,0,0
57.143436536850984,154.1101099462066,15.950817926481225,0,Anantapur,Dell Laptop,Chrome,0,0,0
46.42899565351786,118.5414252599596,21.723196439045054,0,Anantapur,Office Desktop,Chrome,1,0,0
70.44368204102985,148.24086501103528,12.720131405162208,0,Anantapur,Dell Laptop,Chrome,1,0,0
58.74872131776746,207.83741742080096,15.374841988134541,0,Anantapur,Dell Laptop,Chrome,0,0,0
63.26582887297416,225.79577632330574,16.740812582591257,0,Anantapur,Dell Laptop,Chrome,0,0,0
56.941978002087595,157.37436854964068,10.759270476751626,1,Anantapur,Office Desktop,Chrome,0,0,0
62.78039180558683,159.63889552639276,12.388724040370276,0,Hyderabad,Office Desktop,Chrome,0,0,0
51.30937532060834,140.78445433570647,7.626127311069165,0,Anantapur,Dell Laptop,Chrome,0,0,0
59.28986071728822,150.3121870718606,17.031218578720388,0,Hyderabad,Office Desktop,Chrome,0,0,0
77.98123644870608,121.57688174317857,7.256037420572377,0,Anantapur,Dell Laptop,Chrome,0,0,0
69.98537243714829,159.5005935368604,17.086499702373096,0,Hyderabad,Dell Laptop,Chrome,0,0,0
64.83115541015806,127.74385778480423,14.2214281183553,0,Anantapur,Dell Laptop,Chrome,0,0,0
63.4809032548375,130.59102522036056,12.792700000105935,0,Anantapur,Dell Laptop,Chrome,0,0,0
148.5599845435996,433.1299196059734,1.7635274164865211,3,Unknown IP,MacBook,Tor Browser,35,1,1
66.4789482472504,126.05876136164775,6.452852522674687,0,Hyderabad,Dell Laptop,Chrome,0,0,0
166.24755917215288,1.4813405946132328,3.575452474023229,5,Unknown IP,Unknown Mobile,Firefox,44,1,1
6.267698769900983,14.270999847770678,23.12128774828296,5,Anantapur,Dell Laptop,Tor Browser,36,1,1
66.63319116034629,106.39072256529272,11.543017209788928,0,Anantapur,Dell Laptop,Chrome,0,0,0
57.629522381206264,143.796258086873,14.02839474891358,0,Anantapur,Dell Laptop,Chrome,0,0,0
56.85695790532236,132.4044685928351,11.173447466368488,0,Anantapur,Dell Laptop,Chrome,0,0,0
37.3595323221044,163.29271575156457,10.957720439268769,0,Anantapur,Dell Laptop,Chrome,0,0,0
3.5375820120769603,835.9315853091761,22.703000474373127,5,Unknown IP,Unknown Mobile,Firefox,12,1,1
66.63157249194528,153.96626399579358,15.703453316849018,0,Anantapur,Office Desktop,Chrome,0,0,0
59.8241979829125,112.20916055920219,21.57232623265757,0,Hyderabad,Dell Laptop,Chrome,0,0,0
42.09857945106338,135.0028497192172,13.936132876365857,0,Anantapur,Dell Laptop,Chrome,1,0,0
51.750753329856636,186.827289325684,13.701124695051757,1,Anantapur,Dell Laptop,Chrome,0,0,0
50.359390605485274,173.99020019915508,13.815540782473574,0,Anantapur,Dell Laptop,Chrome,0,0,0
160.28868859776117,18.7203772997041,21.976773954969925,5,Unknown IP,Unknown Mobile,Chrome,48,1,1
62.06357813015963,136.29935003016536,7.294484336148803,0,Anantapur,Office Desktop,Chrome,0,0,0
70.42382436553216,157.8681148574901,14.175277224376163,0,Anantapur,Office Desktop,Chrome,0,0,0
65.56901790055322,178.25909297096757,9.901377441005948,0,Anantapur,Dell Laptop,Chrome,0,0,0
48.4206316767646,170.1907217259837,9.459873481231405,0,Anantapur,Office Desktop,Chrome,0,0,0
70.6625689426055,141.70928827159872,16.92654565959979,0,Anantapur,Dell Laptop,Chrome,0,0,0
58.93413677427412,85.49279800749017,12.680598301899341,0,Anantapur,Office Desktop,Chrome,0,0,0
68.50652788844768,187.8139320549759,14.478329304399455,0,Anantapur,Dell Laptop,Chrome,0,0,0
46.66142560119334,90.09450406617782,3.9406317035809852,0,Anantapur,Dell Laptop,Chrome,0,0,0
73.93284910758754,116.53125066799782,5.708762113457248,0,Anantapur,Dell Laptop,Chrome,0,0,0
35.19992919961763,177.78903029098427,13.763934809670761,0,Anantapur,Dell Laptop,Chrome,0,0,0
65.45381747414127,97.71069058928805,11.621533890559707,0,Hyderabad,Dell Laptop,Chrome,0,0,0
66.29482621402668,195.31853013990983,6.528591737526972,0,Anantapur,Dell Laptop,Chrome,0,0,0
69.28192395219548,129.83443757254247,12.925077683310683,0,Anantapur,Office Desktop,Chrome,0,0,0
52.30829250445927,160.78263446399083,16.344242947447857,0,Anantapur,Office Desktop,Chrome,0,0,0
70.37548490824416,200.84634156386002,13.812864094059844,0,Anantapur,Office Desktop,Chrome,1,0,0
62.62281774449424,142.92531399555102,19.864911552915565,0,Anantapur,Dell Laptop,Chrome,0,0,0
57.54907867292977,133.96305315908722,19.491805722397142,0,Anantapur,Dell Laptop,Chrome,0,0,0
32.88061284666662,147.0002191137113,12.69377534042374,0,Anantapur,Dell Laptop,Chrome,2,0,0
58.49072614240656,152.93461749397287,7.699809042397347,0,Anantapur,Office Desktop,Chrome,0,0,0
62.78091319075338,172.95811381194696,11.240025937460855,0,Anantapur,Dell Laptop,Chrome,0,0,0
46.811932470097105,139.92103881065148,11.432727103347746,0,Anantapur,Office Desktop,Chrome,0,0,0
35.528081741105325,177.45599651283675,6.258678856684846,1,Anantapur,Dell Laptop,Chrome,0,0,0
59.65066166940712,159.228269643178,17.01489578052602,0,Hyderabad,Dell Laptop,Chrome,0,0,0
51.45161361650814,152.2512920452224,15.157723757219337,0,Hyderabad,Dell Laptop,Chrome,0,0,0
63.03854053688087,149.7674239950382,10.65982398474716,0,Anantapur,Dell Laptop,Chrome,0,0,0
57.71124253274304,154.94293352557958,6.9825604846214695,0,Anantapur,Dell Laptop,Chrome,1,0,0
75.51082489377012,173.79498163405412,10.224886391178654,0,Anantapur,Office Desktop,Chrome,0,0,0
68.41887925488147,166.07742673387557,10.358045623523456,0,Anantapur,Office Desktop,Chrome,1,0,0
73.79918019182011,173.6254957183943,14.962521394122879,0,Anantapur,Dell Laptop,Chrome,0,0,0
46.19713383566794,94.39578200605109,16.148250627827032,0,Anantapur,Dell Laptop,Chrome,0,0,0
70.14696079952324,130.47249377300614,16.6205586734252,0,Anantapur,Office Desktop,Chrome,0,0,0
49.602932575631705,199.40286853776675,6.8870861723195755,0,Anantapur,Dell Laptop,Chrome,0,0,0
68.26435073064494,166.22379059336265,7.855128103980044,0,Anantapur,Office Desktop,Chrome,0,0,0
